# Blender 4.5.3 LTS
# www.blender.org
mtllib iss_wt_simplified.mtl
o 02_Unity_Node_1
v -56.883198 -28.973221 25.935324
v -57.010403 -30.005651 24.500917
v -57.288116 -27.939245 25.187183
v -57.004490 -27.178425 25.451500
v -57.101585 -26.176792 24.689699
v -57.220119 -25.213890 23.933521
v -56.081417 -27.858898 26.062586
v -56.745743 -24.132290 23.765203
v -56.933891 -30.418898 23.331104
v -57.359116 -28.144197 23.186958
v -57.203377 -29.513159 22.989635
v -57.146446 -28.679794 22.341131
v -56.184189 -30.080677 22.824821
v -56.933666 -28.043055 21.876011
v -57.369358 -26.237965 22.869625
v -57.339981 -23.827343 22.466629
v -57.318363 -27.678673 22.338604
v -57.267254 -25.769886 21.066767
v -57.298409 -24.127041 20.383892
v -57.037048 -26.996559 21.284504
v -57.011406 -25.324976 20.321762
v -57.008678 -23.391888 23.255152
v -57.186043 -22.447838 22.455212
v -57.121330 -21.786741 21.988060
v -57.019440 -20.712311 21.715973
v -57.367058 -21.437963 20.534342
v -57.268642 -19.896137 20.725605
v -56.399128 -19.779793 21.396992
v -57.103725 -18.857985 20.332180
v -57.074963 -17.679895 19.820541
v -57.067963 -23.348709 19.216993
v -57.011414 -24.472744 19.797077
v -57.270439 -22.336014 19.111935
v -57.297535 -20.642330 18.385044
v -57.194603 -21.582359 18.457569
v -57.110329 -19.881521 17.329170
v -57.045464 -22.687971 18.735817
v -56.790997 -21.196087 17.819092
v -57.071003 -16.461605 19.143864
v -57.359848 -18.515942 17.664276
v -57.362316 -17.830296 18.663387
v -57.194023 -15.438932 18.393106
v -57.369324 -16.682165 17.338917
v -57.058769 -18.621986 16.557634
v -57.323643 -16.194366 15.844207
v -57.014725 -14.593754 18.172363
v -57.114243 -13.732037 17.530989
v -57.362972 -15.374511 17.185656
v -56.992340 -12.678406 16.953453
v -57.355537 -13.762643 16.579821
v -57.073895 -11.617079 16.297165
v -57.068161 -10.399266 15.649479
v -57.064346 -17.323193 15.695252
v -57.141197 -16.302017 15.151545
v -57.007523 -15.212070 14.493236
v -57.369316 -13.157317 15.326194
v -57.335625 -14.757080 15.060555
v -57.359211 -10.978426 14.736687
v -57.267422 -12.684874 13.517079
v -57.036942 -13.913570 13.734521
v -57.011501 -12.241235 12.771133
v -57.185844 -9.363293 14.905151
v -57.119415 -8.695179 14.434122
v -57.298595 -11.041585 12.834019
v -57.025925 -7.605320 14.151801
v -57.367027 -8.352494 12.985493
v -57.251366 -9.370820 11.537015
v -57.297737 -7.557244 10.835397
v -57.011589 -11.388725 12.245719
v -57.037697 -6.704627 13.392307
v -57.121597 -5.680112 12.674886
v -57.074917 -4.595662 12.270100
v -57.070965 -3.377304 11.593247
v -57.038315 -10.393439 11.716683
v -57.194763 -8.497297 10.907339
v -57.045258 -9.604505 11.185192
v -56.560051 -7.995448 10.142645
v -57.359894 -5.430297 10.115090
v -57.362289 -4.744990 11.114267
v -57.212414 -6.864815 9.912930
v -57.369320 -3.596951 9.790121
v -57.146385 -6.031853 9.258228
v -57.180447 -5.192853 8.969906
v -57.064346 -4.239842 8.145298
v -56.616829 -7.116706 9.577468
v -56.109016 -5.762598 8.761501
v -57.193878 -2.354166 10.842938
v -57.014740 -1.509657 10.621642
v -57.114273 -0.647639 9.980687
v -57.362942 -2.289349 9.636636
v -57.348183 -0.290852 8.943516
v -57.323746 -3.109235 8.294834
v -57.369316 -0.072105 7.777461
v -56.676342 0.351931 9.679711
v -57.258072 -1.999974 7.301815
v -57.113747 -3.482367 7.687023
v -57.265686 0.401176 5.977672
v -57.038769 -0.871819 6.208208
v -56.872002 -2.224186 6.884889
v -56.943001 0.294998 5.496002
v -55.509491 -29.622648 25.791924
v -55.780701 -30.602915 23.936596
v -55.297134 -28.682487 26.322302
v -55.418980 -30.241644 24.859154
v -56.150436 -26.165533 25.124765
v -55.389221 -27.812056 26.072128
v -55.416420 -26.929846 25.584198
v -56.095684 -27.529724 21.302452
v -55.564873 -29.721544 22.554752
v -54.915676 -28.937286 22.094238
v -56.109325 -24.174522 19.368681
v -55.586391 -22.589279 18.435324
v -56.075100 -21.942755 22.677761
v -55.412388 -22.804739 23.201456
v -55.854717 -16.645878 19.635479
v -56.110283 -20.604395 17.308107
v -56.124210 -17.676716 15.613793
v -56.081837 -14.662586 18.477842
v -56.013962 -12.856331 17.446562
v -54.958477 -11.455229 16.650000
v -56.012455 -10.206491 15.913151
v -55.332466 -15.986926 14.617680
v -56.127251 -14.185101 13.599665
v -56.034977 -10.877283 11.683545
v -55.851593 -7.051105 14.095297
v -56.078823 -5.161789 12.991569
v -55.781609 -3.423800 12.003430
v -56.125111 -4.597544 8.063002
v -55.604019 1.393561 4.589174
v -56.082932 -1.559259 10.912993
v -56.127617 -1.114199 6.053661
v -28.632542 -30.542282 23.976305
v -28.903671 -29.886040 22.677069
v -29.115669 -29.045841 26.185101
v -28.443268 -29.640018 25.729675
v -29.206638 -8.160317 10.098634
v -28.411886 -28.248652 26.176447
v -28.792770 -27.127226 25.687073
v -28.280712 -25.056526 24.451797
v -28.310200 -27.466825 21.280567
v -28.186581 -23.434263 23.513699
v -28.204838 -23.965347 19.300695
v -29.114143 -18.081709 20.475264
v -27.952412 -20.188869 21.591118
v -29.191782 -12.335378 17.157379
v -27.952579 -16.685402 19.574791
v -28.743114 -20.609825 17.300846
v -28.760925 -16.087082 14.688463
v -27.952896 -13.183167 17.559301
v -28.942556 -8.271114 14.805909
v -28.186628 -10.362837 15.967806
v -27.576023 -17.743885 15.900274
v -27.937742 -13.919987 13.516553
v -27.962269 -10.805587 11.723487
v -29.048943 -11.507171 12.035005
v -27.952381 -7.109008 14.041143
v -28.976137 -1.666665 10.994958
v -27.952660 -3.605270 12.024710
v -28.185087 -7.297523 9.657706
v -28.714119 -4.623814 8.067391
v -27.953848 -0.102285 10.008833
v -28.687269 -1.050357 6.006142
v -28.772446 1.650647 4.429667
v -28.209869 -2.808011 7.068373
v -27.543655 -30.065741 24.622837
v -27.438591 -28.991474 25.821463
v -27.266983 -28.433231 25.267326
v -27.219561 -29.295570 23.945999
v -27.488026 -26.619860 25.104164
v -27.393227 -25.266964 24.124987
v -27.287973 -27.392937 25.159563
v -27.474182 -30.345024 23.383690
v -27.608181 -29.655573 22.723078
v -27.540094 -28.570818 22.186819
v -27.274979 -28.125954 22.413189
v -27.537136 -26.217457 20.810081
v -27.538324 -25.228310 20.282036
v -27.399212 -27.242430 21.413738
v -27.245647 -25.059572 23.290531
v -27.195786 -26.773087 22.390965
v -27.338161 -23.884640 23.268688
v -27.253014 -23.191816 22.346540
v -27.229301 -25.901781 21.314688
v -27.209921 -24.752140 20.954983
v -27.337944 -23.954510 19.851015
v -27.545446 -22.373333 22.620312
v -27.352669 -21.120081 21.742065
v -27.215601 -22.417101 21.819193
v -27.361526 -20.270279 21.418880
v -27.197346 -21.698814 21.123480
v -27.308872 -19.380089 20.379395
v -27.206200 -22.387125 19.748226
v -27.616568 -18.670597 20.525890
v -27.353121 -17.599344 19.725666
v -27.616905 -22.464180 18.617422
v -27.532843 -20.371880 17.420650
v -27.361946 -21.472015 18.320724
v -27.192265 -21.093023 19.098066
v -27.210539 -20.006804 18.264967
v -27.543150 -19.209574 16.781891
v -27.367607 -18.138527 16.496910
v -27.361973 -16.748110 19.401880
v -27.197540 -18.179028 19.111479
v -27.329956 -15.837054 18.472191
v -27.181210 -17.590805 17.856012
v -27.227972 -18.854288 17.283743
v -27.194944 -16.985298 16.602119
v -27.617002 -15.155457 18.507143
v -27.543571 -12.010258 16.665363
v -27.334137 -14.101881 17.641438
v -27.303310 -13.128484 17.060925
v -27.186792 -14.860122 16.988249
v -27.214182 -15.674164 15.684446
v -27.181204 -14.066381 15.843592
v -27.241972 -12.151372 15.889516
v -27.338190 -10.799953 15.718716
v -27.532654 -16.624157 15.262392
v -27.538994 -15.657324 14.744105
v -27.538263 -12.143970 12.731177
v -27.357754 -14.422548 14.251898
v -27.355005 -13.017808 13.417026
v -27.188179 -12.918227 14.518894
v -27.209835 -11.667204 13.405663
v -27.510406 -9.397470 15.092926
v -27.352795 -8.035404 14.191995
v -27.365040 -10.964478 12.228758
v -27.213680 -9.904699 14.483395
v -27.197397 -8.614252 13.574484
v -27.201281 -10.395567 12.661772
v -27.206135 -9.301825 12.199050
v -27.511225 -5.879039 13.074425
v -27.353226 -4.514673 12.175587
v -27.361656 -7.185198 13.868645
v -27.212355 -6.418964 12.484818
v -27.362072 -3.663076 11.851641
v -27.616814 -9.380592 11.066597
v -27.393764 -8.292021 10.673106
v -27.192219 -8.008690 11.549274
v -27.533878 -6.301747 9.314417
v -27.491280 -4.685145 8.397579
v -27.197588 -5.094518 11.562531
v -27.210461 -6.920674 10.714953
v -27.181208 -4.505231 10.306916
v -27.293240 -2.578456 10.779956
v -27.349129 -7.174191 9.921528
v -27.282921 -5.487550 9.326029
v -27.202148 -4.285984 9.139030
v -27.678654 -2.361590 11.193165
v -27.334238 -1.017113 10.091481
v -27.303387 -0.043132 9.510664
v -27.186821 -1.775150 9.439185
v -27.214102 -2.588831 8.134935
v -27.186131 -0.495254 8.393864
v -27.537165 -3.567496 7.727182
v -27.491173 -1.166481 6.379311
v -27.537941 -0.056344 5.711489
v -27.385855 -2.329383 7.164461
v -27.202053 -0.746066 7.112399
v -27.285967 0.550995 5.816173
v -9.574758 -1.739589 16.343138
v -8.558431 -1.588937 16.904510
v -8.657295 0.122316 16.727299
v -7.709016 0.260667 18.367979
v -7.787610 -1.104699 17.924034
v -8.101872 -2.065728 16.002451
v -8.656816 -1.351699 15.612211
v -8.591623 0.355306 15.542994
v -7.603790 -1.424102 14.707038
v -8.019213 -0.119194 14.416750
v -6.835292 -0.725300 18.308128
v -7.095757 -1.849589 17.480568
v -5.014553 0.302049 18.486031
v -5.426427 -2.169201 16.337219
v -3.676534 -1.926077 17.301556
v -3.202347 -1.085585 18.138279
v -3.208582 -2.039885 16.085552
v -7.108292 -1.969227 15.302640
v -7.164660 -0.225493 14.137578
v -5.191616 -1.466250 14.656227
v -3.614652 -0.647420 14.177880
v -3.772379 -1.867962 15.151264
v -7.042825 -1.018675 4.279229
v -5.862586 -1.120548 4.935658
v -5.513174 -1.324716 3.814230
v -5.521928 -0.353812 4.106114
v -4.981039 -1.020689 5.169483
v -4.102901 -1.417522 4.208032
v -4.232890 -0.556948 4.429734
v -7.341370 -0.190669 0.539184
v -6.625822 -0.697185 3.306583
v -5.940420 -0.208093 0.896540
v -5.398683 -0.787035 3.244974
v -5.508715 -1.052662 0.043852
v -5.040480 -0.549562 1.586120
v -4.506409 -0.886516 2.650212
v -4.165668 -2.603289 1.402743
v -4.770982 -1.730033 1.018753
v -4.326202 -2.839367 -0.068366
v -3.943764 -0.238204 2.710545
v -3.934063 -1.658349 2.081374
v -0.095057 -0.848210 20.306639
v -3.150301 0.103051 18.516716
v -2.318578 -1.540008 17.535259
v -1.673914 -0.314463 18.303038
v -1.949544 -1.658722 16.595053
v -1.007597 -1.475701 18.106190
v -0.793037 -0.879798 19.178284
v -0.896984 -0.003579 19.135590
v -0.639803 -2.031647 17.112604
v 0.128005 -1.543381 18.445509
v 0.028865 -2.198117 16.126804
v -2.460358 -1.287660 14.469579
v -2.565937 -1.776549 15.416544
v -2.600383 -0.133114 13.648124
v -1.929879 -1.287124 13.670394
v -1.831748 -0.992674 12.310766
v -1.983280 -0.167348 11.508904
v -1.476683 -1.796906 14.904938
v -0.854304 -1.936303 12.271043
v -0.473264 -2.142479 13.541094
v -1.902732 -0.971941 10.184210
v -1.998108 -0.831628 7.044261
v -1.267913 -1.575575 11.316789
v -0.796318 -2.002078 10.191236
v -1.444422 -1.638669 5.511472
v 0.236244 -1.964093 11.430120
v 0.242498 -2.147408 9.626131
v -3.701153 -1.064994 4.886637
v -2.241109 -0.149186 3.777249
v -1.966905 -1.109544 2.850839
v -0.726295 -2.195752 2.866444
v 0.246427 -2.191817 3.799768
v -1.732763 -7.814392 0.761680
v -0.731573 -7.796232 1.740418
v -0.985547 -8.521289 0.298018
v 0.379003 -8.556328 0.716786
v -2.086066 -4.560328 0.675746
v -2.106133 -7.125885 -0.259288
v -1.542743 -7.090616 1.535210
v -1.646654 -3.811171 1.468451
v -0.621259 -3.381165 2.103364
v 0.427202 -7.501360 2.011395
v -3.670814 -1.048882 3.299989
v -3.027248 -0.718955 2.373392
v -2.929629 -3.085629 0.927045
v -2.879270 -2.249452 1.654564
v -2.211984 -1.372446 1.920360
v -2.019722 -2.156357 1.031784
v -2.590578 -3.745960 -0.238938
v -2.054856 -2.151015 -0.285836
v -2.601186 0.101124 2.677333
v -2.086887 -3.263467 1.235141
v -1.417622 -2.017189 1.973199
v -1.523854 -2.656682 1.520586
v 0.199200 -2.778441 2.463500
v -57.192654 1.178405 8.821423
v -57.017227 2.011226 8.591914
v -56.984184 2.966004 7.921897
v -57.359226 2.098970 7.192223
v -57.078388 4.291078 7.187681
v -57.323429 1.832317 5.471925
v -57.368511 3.221631 6.300353
v -57.329712 3.277236 4.623096
v -57.113712 1.413763 4.962740
v -56.943699 2.722298 4.003810
v -56.967075 6.373514 6.754632
v -57.226318 7.076035 5.508107
v -57.015217 8.084360 5.137654
v -57.372089 6.565119 4.056986
v -57.323799 5.275792 3.285941
v -57.341675 7.961617 4.199139
v -56.174957 7.287937 6.279177
v -57.024578 9.014034 4.578407
v -56.994892 9.943108 3.885052
v -57.096886 3.684858 3.478163
v -55.889824 2.907057 3.270984
v -56.170235 3.119390 1.955480
v -56.128231 2.272491 0.341332
v -56.062809 3.961723 0.860219
v -57.077709 4.745712 2.690806
v -57.205269 6.120332 2.392541
v -57.257431 7.563250 1.767355
v -57.068069 8.869803 0.599069
v -56.804699 7.188670 1.411051
v -56.337406 4.630318 1.969308
v -56.348129 5.493844 2.039642
v -57.070457 11.037889 3.215768
v -57.068199 12.249969 2.566798
v -57.369316 9.487442 2.242412
v -57.359283 11.667439 1.652344
v -57.285950 10.104752 0.442556
v -57.298264 11.605684 -0.250061
v -57.121639 9.963614 0.000274
v -57.186203 13.285541 1.821391
v -57.121380 13.946660 1.354443
v -57.019527 15.021752 1.082332
v -57.036251 15.939999 0.312676
v -57.367073 14.294790 -0.100525
v -57.121716 16.968712 -0.408390
v -55.781563 2.510250 8.575590
v -55.671501 3.883690 7.835110
v -55.370533 2.163352 4.096974
v -55.632488 6.019903 7.226555
v -55.578236 8.431429 5.243533
v -55.418671 4.554981 7.576301
v -55.419353 6.812685 6.823950
v -55.412540 7.504754 6.079051
v -47.631992 5.213433 7.459889
v -54.905045 9.666245 4.455899
v -55.956657 1.503907 -0.324279
v -54.872368 2.850799 2.549720
v -54.784145 2.392271 1.578058
v -55.430801 6.030765 1.767277
v -56.140865 8.462304 0.524022
v -55.161537 4.839749 1.534803
v -54.621384 4.252395 0.763428
v -56.123581 11.974620 3.098347
v -55.755936 11.825768 -1.428246
v -54.967712 16.051531 0.768781
v -55.965031 12.961785 2.537730
v -56.071213 15.513242 1.064742
v -56.080421 16.743210 0.342843
v -46.896545 4.336958 7.649417
v -47.670128 6.457406 7.076365
v -48.037369 7.103932 6.545879
v -45.470505 7.325285 6.287860
v -46.146736 2.419302 1.657593
v -28.800200 2.749679 3.459486
v -29.379417 7.063219 1.305182
v -29.935753 4.554830 1.171988
v -46.494198 6.092973 7.374315
v -46.286125 6.923051 6.772573
v -45.344040 4.993339 7.502798
v -44.972889 6.168292 7.188001
v -44.781887 6.814342 6.824161
v -28.882914 5.956150 1.804085
v -28.569118 3.975761 7.793974
v -32.332275 5.351267 7.449298
v -32.392200 6.538172 7.002886
v -32.242580 7.071099 6.578280
v -30.978600 4.659577 7.575392
v -28.834213 8.658295 5.065973
v -29.632175 2.783777 2.364967
v -29.429462 5.147355 1.772024
v -30.657003 7.185343 6.460512
v -28.342861 7.932255 5.607752
v -29.649429 9.835895 4.357552
v -29.782276 1.592967 0.249230
v -29.801418 3.937840 0.284357
v -29.170797 3.303289 8.131783
v -30.882294 6.100250 7.372724
v -29.705013 5.466810 7.424006
v -29.270599 6.393649 7.101982
v -28.129187 6.809431 6.820081
v -26.234058 7.256782 6.264109
v -27.353378 4.701030 7.486431
v -28.962372 14.429370 1.699189
v -28.186218 11.863443 3.133160
v -28.489220 2.596745 1.300553
v -28.525536 1.639561 -0.147750
v -28.618408 3.833578 0.462454
v -28.189182 3.281594 2.562471
v -28.206329 8.384298 0.591090
v -28.211151 4.610548 1.867059
v -27.658436 6.210332 1.919034
v -28.813332 17.685677 -4.813870
v -28.210634 10.289245 -0.492585
v -28.187069 15.761763 0.885421
v -27.512379 1.167124 9.034411
v -27.481815 2.445058 8.301122
v -27.475954 3.505968 7.726381
v -27.230635 0.403159 8.784782
v -27.196955 1.352012 7.871319
v -27.616455 0.936158 5.108160
v -27.551998 1.894706 4.557596
v -27.089790 2.570271 7.282814
v -26.737644 3.565521 7.124242
v -27.088535 1.802117 6.389694
v -26.426392 2.794720 6.053422
v -27.149868 1.500797 5.612965
v -26.784824 2.411817 4.972703
v -26.813398 2.912726 3.898904
v -25.573599 3.978426 7.019649
v -25.475748 2.930147 5.732729
v -25.624458 2.922573 4.334199
v -23.639595 2.843634 4.770172
v -26.398012 5.744230 7.297975
v -27.169792 7.803575 5.546011
v -26.685349 7.987243 4.635330
v -26.483643 7.572625 3.661108
v -25.604097 7.554242 5.495644
v -25.002991 7.514368 4.378455
v -27.799782 9.027212 4.719652
v -27.501221 10.648525 3.515478
v -27.365404 9.274605 4.309670
v -27.425634 3.950589 2.750258
v -28.248159 3.733463 1.614423
v -28.287386 3.077923 0.237467
v -28.259506 2.339061 -0.326720
v -25.928352 3.543333 3.320525
v -26.970154 4.840593 2.551319
v -27.333567 7.274662 1.680017
v -26.548849 5.951159 2.550200
v -26.503107 6.886018 2.851552
v -27.107243 8.007856 2.606773
v -27.321838 8.514400 1.177020
v -25.523579 4.533176 2.751914
v -25.171051 7.050004 3.488192
v -25.130798 5.741883 2.735397
v -25.200459 6.558137 3.025223
v -27.537144 9.516367 0.176640
v -27.372265 11.705999 2.863400
v -27.159021 8.865644 3.595698
v -27.211786 10.068156 2.933753
v -27.216904 10.811180 2.691050
v -27.307981 12.829932 1.762173
v -27.206383 9.835335 1.118658
v -27.279152 10.755200 0.048814
v -27.294796 11.870819 -0.764275
v -27.616005 13.548864 1.911304
v -27.352577 14.613184 1.108256
v -27.428616 15.482698 0.829298
v -27.197306 14.034547 0.488842
v -27.308727 16.352753 -0.254363
v -27.616478 17.063786 -0.107457
v -21.374660 2.875778 5.262444
v -18.432659 2.934234 5.686398
v -18.391737 2.931793 4.345067
v -23.092613 3.032972 3.968669
v -21.470333 3.172741 3.722163
v -3.350719 3.964825 7.013382
v -3.697065 3.038416 6.087666
v -9.595533 2.908415 5.224210
v 1.085653 5.737372 7.330437
v -0.018880 7.553537 4.537983
v 1.244078 7.475582 5.848979
v 0.318931 7.591422 5.258824
v 29.064997 6.675230 6.887679
v -9.702071 3.101305 3.847084
v -4.579371 3.666859 3.187595
v -2.581116 4.644940 2.719287
v 25.583658 7.109078 3.591237
v -1.391280 5.719522 2.723160
v -10.589872 1.328602 16.315937
v -9.425335 2.076975 16.366966
v -8.614772 1.278203 17.020844
v -8.659596 2.452348 16.388227
v -8.564945 1.485324 15.512769
v -7.730482 1.973874 15.523088
v -7.516896 1.416458 14.727315
v -6.150595 2.887024 5.506048
v -2.781076 5.262423 7.386506
v -4.604551 3.024097 3.970387
v -7.260440 1.523684 17.789028
v -7.687140 2.013147 17.029148
v -7.254041 2.147469 16.337612
v -4.903326 1.384167 17.984726
v -3.716842 1.915674 17.153336
v -3.225698 1.319543 18.041754
v -7.508172 0.525284 14.190255
v -7.182696 1.866542 15.197014
v -4.927002 1.136862 14.456133
v -3.697490 1.998243 15.620988
v -5.291999 0.227567 14.109632
v -3.724241 0.672902 14.175957
v -3.856435 1.654668 14.848713
v -4.902874 2.833283 4.779985
v -3.678668 2.761050 4.865436
v 25.890720 7.321748 6.129584
v -7.109045 0.382625 -0.199200
v -5.517062 0.806841 0.260017
v -4.748538 0.961128 1.508362
v -4.100876 2.368917 1.650403
v -4.570465 1.932010 0.482454
v -3.932940 1.122823 1.985875
v -2.674893 1.853370 16.493181
v -2.292363 0.899669 18.079735
v -1.818983 1.455522 17.438509
v -1.965390 1.597027 15.724125
v -1.369186 0.950797 18.208572
v -0.477693 1.676025 17.898645
v -0.574140 2.063536 16.526031
v -0.131745 0.652495 19.221085
v 0.295203 -0.021083 19.859140
v -2.385151 1.333825 14.502057
v -2.963215 1.887618 15.482943
v -1.999930 1.122839 13.570179
v -2.157727 0.457284 12.823305
v -1.564927 1.346816 11.627452
v -1.246537 1.831988 14.358902
v -0.670915 1.976648 12.428826
v -0.710888 2.046511 13.494045
v -1.747964 1.403612 10.128397
v -2.163222 0.237568 10.161863
v -1.898861 1.143090 8.323351
v -2.174102 0.201639 7.778187
v -1.189445 1.945486 7.976729
v -0.225957 1.923695 11.425807
v -0.520740 2.068219 10.076942
v 0.112134 2.270049 8.080787
v -2.788015 2.516354 4.424818
v -2.394523 3.096000 6.654806
v -2.382300 2.160682 5.789949
v -1.911769 1.740531 7.076174
v -1.395512 2.777958 7.168664
v -2.206771 0.463433 6.630182
v -2.187318 1.182153 5.849020
v -2.167364 1.466012 3.592750
v -1.246265 3.754556 7.214558
v -0.525188 2.620371 7.422967
v -0.133726 3.753941 7.222595
v -1.542796 4.763395 7.369793
v -3.192267 3.212841 3.475441
v -3.043562 2.622606 1.561554
v -3.505111 2.345016 0.300641
v -2.517813 3.504883 3.120142
v -2.502109 1.229991 2.242208
v -2.106384 2.457690 3.345908
v -1.619971 1.975482 2.676406
v -1.480314 3.233888 2.885995
v -1.931895 2.182532 1.664560
v -2.000593 2.202611 0.421703
v -0.861584 3.953837 2.656955
v -0.819366 2.410995 0.827943
v -0.665432 2.859878 -0.013591
v -0.292856 2.419152 2.388703
v -0.035444 3.482889 0.160227
v 0.131955 4.302948 2.709691
v -56.132774 0.471176 -2.551948
v -56.044804 -0.513049 -3.960303
v -56.104958 -1.063812 -4.996221
v -56.095856 -0.182068 -5.794897
v -56.068325 -1.968558 -6.402584
v -56.104187 -2.574064 -7.512283
v -56.160934 -1.041830 -7.240990
v -56.093414 -1.811809 -8.472431
v -55.939117 -3.382360 -8.966400
v -56.025177 -2.582470 -9.777471
v -55.110329 -1.411212 -4.771935
v -55.370506 -0.559237 -7.135918
v -54.721794 -3.337944 -7.985607
v -54.665531 -1.667373 -9.049490
v -55.682205 -3.357797 -9.690186
v -54.672295 -3.151690 -9.788375
v -54.861732 -2.119935 -9.681337
v -54.320534 -3.696870 -8.830315
v -29.547071 -3.008958 -9.841427
v -29.944309 -3.163640 -7.675372
v -30.261162 -3.700207 -9.045420
v -29.798244 -1.482890 -4.869163
v -29.240387 -3.590098 -8.722820
v -28.504253 -0.424888 -3.733806
v -28.435919 0.364317 -2.720623
v -28.955849 -0.581276 -7.082122
v -29.521091 -1.880197 -9.333370
v -28.525188 -1.378131 -5.174692
v -28.504198 -1.934778 -6.249198
v -28.527321 -2.877840 -7.673924
v -28.526098 -1.358556 -8.004790
v -28.482405 -0.094817 -5.709543
v -28.440119 -2.774526 -9.630617
v -28.384689 -3.194071 -8.662123
v -28.282156 -0.311150 -4.635396
v -28.292990 -1.101249 -6.690798
v -28.288183 -2.003352 -7.211157
v -28.299013 -2.076386 -8.474462
v -15.756388 0.339280 -20.615061
v -16.004242 0.367900 -24.391262
v -15.702517 0.066006 -27.068613
v -15.599812 0.468773 -27.978619
v -14.630886 0.066872 -20.568888
v -15.499839 -0.194642 -21.836681
v -14.507063 -0.416717 -22.031380
v -14.535002 -0.417936 -26.283413
v -14.058869 -0.398754 -21.430248
v -13.541491 -0.455376 -22.602716
v -13.648023 -0.454364 -25.794834
v -14.458142 -0.199086 -27.477531
v -2.777674 0.100427 -20.416744
v -3.218682 -0.432827 -21.980959
v -3.148824 -0.449629 -26.094248
v -4.030391 -0.352666 -27.149204
v -3.706108 0.310379 -28.055130
v -7.173908 -0.657182 -0.379647
v -6.087061 -0.042585 -0.742655
v -5.071414 -1.044689 -0.950134
v -4.031070 -3.358142 -0.575014
v -4.188244 -2.533492 -1.496580
v -4.844604 -0.288054 -1.609589
v -4.188174 -1.680376 -2.395104
v -3.933654 -0.624545 -2.344957
v -1.602284 -7.855211 -1.115947
v -0.867573 -8.522126 -0.871434
v -0.657557 -7.647620 -1.918506
v 0.243571 -8.509014 -1.149266
v -2.093361 -4.678100 -0.690489
v -1.827956 -4.127534 -1.313351
v -1.537185 -7.093524 -1.574976
v -1.287009 -2.743015 -1.838750
v -0.405698 -3.962076 -2.179417
v 0.239742 -7.125014 -2.131889
v -3.245356 -2.317197 -2.065200
v -2.538193 -2.869134 -1.163263
v -2.836793 -1.049037 -2.533392
v -2.188188 -1.741205 -1.787245
v -1.997492 -0.472486 -2.876256
v -1.466378 -1.720403 -2.435482
v -1.613219 -2.072489 -1.260805
v -1.048895 -0.669672 -3.554986
v -0.383829 -1.825695 -3.051054
v 0.060170 -0.937514 -4.073127
v 0.180140 -2.734331 -2.515790
v -0.761027 -5.651038 -6.259524
v -1.010383 -2.698123 -6.281557
v -1.254701 -3.927863 -7.143386
v -0.628248 -6.099969 -7.509174
v -0.320969 -3.881102 -5.722471
v -0.569704 -4.997693 -8.164623
v 0.397306 -5.871075 -5.551818
v 0.188137 -6.474527 -6.816003
v -0.805107 -0.673950 -6.875368
v -1.207667 -2.237237 -7.242497
v -0.909158 -3.122280 -7.849010
v -0.818317 -1.334034 -8.168481
v -0.413331 0.115110 -4.857515
v -0.191532 0.102868 -5.900703
v 0.404167 -3.001511 -5.485379
v 0.037598 -1.205171 -6.085183
v 0.234330 -5.959694 -8.328120
v -1.207461 -0.508218 -9.134541
v -1.172188 -0.586820 -10.621826
v -1.168030 -0.527349 -11.948619
v -0.102739 -2.147737 -8.707648
v -0.401107 -1.427231 -9.149286
v 0.203651 -3.573367 -8.549946
v 0.222832 -1.349820 -10.149367
v 0.084329 -1.018593 -12.059887
v -1.373843 -0.387412 -13.197716
v -1.305686 -0.442809 -14.208416
v -1.231869 -0.567683 -16.947847
v -0.175337 -1.113194 -16.346123
v 0.559766 -0.981213 -13.089823
v -0.039377 -1.029734 -14.620638
v -0.210270 -3.786514 -19.666103
v -1.257129 -2.334414 -19.855288
v -1.572501 -0.085587 -20.249229
v -0.881221 -0.295417 -18.090979
v -0.841495 -1.114567 -19.354242
v -0.701225 -0.171306 -18.902367
v 0.216473 -0.828466 -17.493793
v -0.347224 -3.581651 -20.788057
v -2.055879 -0.477792 -21.790688
v -1.828831 -0.513532 -25.251917
v -1.059918 -0.642436 -22.669756
v -0.934959 -3.014514 -20.614872
v -0.922566 -1.271833 -20.738642
v -0.769183 -0.752176 -21.564753
v -0.141920 -0.735289 -24.425970
v 0.002276 -1.773234 -21.278988
v 0.219340 -0.861440 -22.090050
v -0.262071 -0.762807 -23.138313
v -2.441016 -0.499367 -27.062180
v -2.496496 -0.107068 -28.180555
v -1.566256 -0.801304 -27.677876
v -0.987358 -0.736095 -25.851778
v -0.272602 -1.414000 -27.260731
v 0.018254 -0.990548 -26.053268
v -1.977113 0.065308 -29.143253
v -1.795686 -0.011190 -31.657927
v -0.983453 -1.082927 -28.958275
v -1.036439 -0.911415 -31.631035
v 0.010379 -1.309500 -28.800632
v -0.017544 -1.288032 -30.934319
v 0.309559 -0.998324 -31.844780
v -0.840894 -0.328857 -32.448971
v -56.096004 2.838452 -0.762900
v -56.016655 1.134582 -1.234750
v -56.161026 1.978613 -2.208756
v -56.055218 1.304689 -3.441729
v -56.956177 10.844652 -0.598639
v -57.068012 12.385552 -1.416893
v -57.286457 13.626767 -1.572088
v -57.297379 15.090616 -2.249036
v -57.011703 13.926310 -2.330176
v -57.212341 15.783732 -3.171000
v -57.011932 14.779389 -2.857078
v -56.363907 15.342303 -3.418836
v -57.007008 16.993769 -4.117917
v -57.074982 18.053715 -0.813029
v -57.071030 19.271994 -1.489590
v -57.359818 17.216534 -2.970163
v -57.362343 17.902395 -1.971063
v -57.194145 20.294281 -2.240657
v -57.369328 19.050283 -3.295486
v -57.343098 20.830570 -3.346081
v -57.194649 16.439487 -3.638725
v -57.318123 17.616251 -3.828281
v -57.014725 21.139929 -2.460981
v -57.072437 22.141218 -3.074570
v -56.992451 23.055460 -3.679903
v -57.355568 21.969774 -4.054448
v -57.073963 24.116524 -4.336392
v -56.190483 0.611284 -4.440594
v -57.323570 19.538536 -4.790073
v -57.064350 18.411062 -4.938656
v -57.141113 19.431377 -5.482129
v -57.007389 20.521797 -6.140093
v -57.369320 22.575113 -5.308300
v -57.335575 20.975761 -5.573524
v -57.339958 24.991037 -5.717310
v -57.267300 23.048138 -7.117003
v -57.298454 24.691151 -7.799953
v -57.037018 21.820934 -6.899368
v -57.011444 23.492731 -7.862279
v -57.017677 25.355431 -4.873217
v -57.185989 26.370089 -5.728673
v -57.121300 27.031172 -6.195909
v -57.019905 28.104826 -6.467880
v -57.367046 27.380337 -7.649320
v -57.268574 28.921955 -7.458246
v -56.427036 29.047195 -6.796203
v -57.103691 29.959900 -7.851817
v -57.074944 31.137941 -8.363447
v -57.251217 26.362278 -9.097039
v -57.297585 28.175694 -9.798702
v -57.038414 25.341064 -8.917185
v -57.194641 27.235737 -9.726383
v -57.110313 28.936256 -10.854719
v -57.011467 24.345049 -8.387162
v -57.045410 26.129654 -9.448218
v -56.791042 27.621243 -10.365144
v -57.070995 32.356251 -9.040171
v -57.359863 30.302208 -10.519342
v -57.362312 30.987560 -9.520125
v -57.369324 32.135967 -10.844667
v -57.058823 30.195829 -11.626421
v -57.323666 32.623631 -12.339462
v -57.193989 33.379055 -9.790808
v -57.014717 34.224060 -10.011709
v -57.114246 35.085888 -10.652994
v -57.362961 33.443604 -10.997935
v -56.992298 36.139332 -11.230624
v -57.355522 35.055679 -11.604000
v -57.073853 37.200649 -11.886755
v -57.045998 38.402763 -12.521564
v -57.064346 31.494410 -12.488597
v -57.141224 32.515903 -13.032401
v -57.369320 35.661045 -12.857528
v -57.273308 33.904804 -13.364063
v -57.265556 36.141663 -14.658657
v -57.038933 34.862339 -14.425467
v -56.871964 33.510422 -13.748126
v -56.943108 36.030548 -15.138178
v -57.357704 38.271366 -14.169329
v -56.994469 39.353832 -13.029539
v -57.021660 39.920315 -13.778316
v -57.208416 37.745529 -15.733837
v -57.118340 39.303108 -15.089585
v -56.979664 38.692638 -16.194241
v -57.035213 36.692833 -15.517013
v -56.285568 37.768749 -16.323948
v -55.360683 2.405222 -2.200766
v -55.360458 0.894728 -4.715252
v -55.081123 3.586348 -0.277821
v -55.109985 0.100027 -2.256539
v -54.409538 1.878566 -3.162673
v -54.521488 -0.768603 -3.665450
v -55.583210 15.985319 -3.836252
v -56.087311 19.047876 -0.976012
v -56.081104 21.056438 -2.144812
v -55.925884 22.794790 -3.129746
v -56.125233 25.061352 -4.456864
v -56.123539 18.060156 -5.019243
v -56.103977 21.295063 -6.885651
v -55.535873 22.443693 -7.566587
v -56.109505 24.642410 -8.815681
v -55.744240 27.142155 -5.647810
v -55.841385 32.177059 -8.552088
v -55.749001 28.324833 -10.953247
v -56.124454 31.139769 -12.570290
v -29.769871 36.784966 -15.850491
v -56.082169 34.160900 -9.710317
v -56.085011 36.000687 -10.767771
v -55.465141 37.353008 -11.529449
v -55.620304 33.030346 -13.677809
v -56.128380 34.647671 -14.593888
v -55.748528 39.619587 -12.910276
v -55.789692 40.074265 -14.120329
v -55.916515 38.784657 -16.284733
v -55.422989 39.617245 -15.172561
v -55.396893 37.115864 -16.038511
v -28.767281 39.277897 -15.696543
v -55.932129 38.181942 -16.513821
v -28.508842 40.082306 -13.919827
v -28.402361 38.368538 -16.442379
v -46.221340 -0.795659 -3.704954
v -28.853106 39.381607 -12.735256
v -29.985735 1.722784 -3.416791
v -29.456291 0.106270 -2.242117
v -28.965191 2.264263 -2.348839
v -28.960255 0.887597 -4.635200
v -28.626493 3.023175 -0.837299
v -28.504250 1.086015 -1.217220
v -28.379021 1.683219 -2.609560
v -28.138592 11.757605 -1.342101
v -28.205372 15.414953 -3.461006
v -28.121552 13.637426 -2.414127
v -28.742378 21.640175 -7.096456
v -29.049103 21.463043 -2.358132
v -28.189222 19.191410 -1.090724
v -27.952801 22.553120 -3.074345
v -28.118462 19.566643 -5.844911
v -28.156214 24.976929 -8.955191
v -29.129532 27.481205 -5.830371
v -28.186598 25.379967 -4.668970
v -27.952362 28.627728 -6.592726
v -28.975523 33.789818 -9.475789
v -27.952599 32.131336 -8.609099
v -28.766165 32.660706 -13.456135
v -28.587149 27.765711 -10.628428
v -27.950375 28.840040 -11.160288
v -27.952948 35.633549 -10.624571
v -27.576056 31.073799 -12.283768
v -28.739231 37.348061 -16.154612
v -27.933697 34.752972 -14.583179
v -28.302479 2.174073 -1.107836
v -28.348022 0.852700 -1.877375
v -28.318810 0.693067 -3.899902
v -27.531107 10.928329 -0.650047
v -27.411766 12.579492 -1.531801
v -27.530344 16.353806 -3.766684
v -27.360935 13.373436 -1.805651
v -27.402538 14.444617 -2.465250
v -27.183491 13.336730 -0.437693
v -27.192301 14.640359 -1.536631
v -27.210596 15.725473 -2.368937
v -27.349548 15.474134 -3.162404
v -27.511652 20.289061 -2.026812
v -27.353035 18.133934 -0.908154
v -27.431738 19.007122 -1.188106
v -27.197500 17.554461 -1.523208
v -27.214928 19.741051 -2.512735
v -27.181211 18.141779 -2.778493
v -27.283394 17.160233 -3.758203
v -27.314884 18.045698 -4.269843
v -27.226923 21.178368 -3.296322
v -27.543440 23.723576 -3.967963
v -27.377594 21.781425 -2.928044
v -27.362244 22.506947 -3.248837
v -27.215153 23.262119 -4.527303
v -28.364632 0.446558 -4.865659
v -27.944530 17.705475 -4.761580
v -27.397924 18.487274 -4.983033
v -27.355598 19.432886 -5.320177
v -27.396105 20.515070 -5.957543
v -27.187550 20.358362 -4.637698
v -27.527924 21.532616 -6.800786
v -27.537127 22.600288 -7.373941
v -27.538307 23.589560 -7.902067
v -27.181206 21.666340 -4.791013
v -27.210632 21.656332 -5.969017
v -27.183462 23.576427 -5.435741
v -27.208735 22.865410 -6.492327
v -27.209898 24.065851 -7.228694
v -27.510242 26.336277 -5.540481
v -27.341681 24.802147 -4.821635
v -27.352703 27.697863 -6.441822
v -27.213619 25.828091 -6.150773
v -27.197357 27.119196 -7.060163
v -27.294577 24.955879 -8.314112
v -27.206182 26.431007 -8.435428
v -27.252188 29.111086 -7.836143
v -27.546143 29.962231 -7.582934
v -27.353149 31.218609 -8.458228
v -27.361563 28.547783 -6.765053
v -27.616886 26.353476 -9.566666
v -27.554480 24.401520 -8.426695
v -27.393925 27.441404 -9.960583
v -27.192253 27.724943 -9.085566
v -27.279911 28.685236 -10.315625
v -27.388336 29.991358 -11.441135
v -27.206795 30.281784 -8.725328
v -27.361994 32.069946 -8.782059
v -27.330009 32.980988 -9.711746
v -27.181208 31.227264 -10.327492
v -27.202198 31.446461 -11.495043
v -27.617033 33.662132 -9.676933
v -27.334164 34.716106 -10.542420
v -27.303333 35.689617 -11.122980
v -27.186798 33.957783 -11.195332
v -27.214161 33.143948 -12.499266
v -27.181202 34.751854 -12.340004
v -27.275620 36.674412 -12.066329
v -27.677313 36.885185 -11.459283
v -27.516338 38.100758 -12.270874
v -27.532671 32.193600 -12.921629
v -27.628349 33.314571 -13.574940
v -27.529812 35.718666 -14.943536
v -27.357708 34.395432 -13.932016
v -27.209507 36.225227 -14.259102
v -27.651255 39.397621 -13.010706
v -27.538975 36.678963 -15.458707
v -27.558277 37.609718 -15.987719
v -27.525717 38.950722 -15.799313
v -27.362612 39.861385 -13.792745
v -27.379642 39.378502 -14.615046
v -27.205158 38.079720 -13.268783
v -27.246916 38.940170 -13.355729
v -27.228468 38.181217 -15.276367
v -27.223740 37.065823 -14.932825
v -27.443396 38.408363 -16.442970
v -15.628185 1.291852 -20.557518
v -15.961418 1.210059 -24.296169
v -15.662112 1.290739 -27.812908
v -14.619886 1.396969 -20.607018
v -15.026039 1.515074 -21.563370
v -14.038811 1.554241 -22.137608
v -14.436002 1.544467 -26.568455
v -14.839968 1.460628 -27.455830
v -3.356280 1.328806 -27.885185
v -5.161248 0.853646 -0.850519
v -4.525764 1.740134 -0.697037
v -4.137331 1.270576 -1.598694
v -4.026378 0.619000 -2.058718
v -2.137831 1.324895 -20.424967
v -3.576431 1.555128 -22.129648
v -2.630703 1.539478 -21.414131
v -3.796792 1.552059 -26.649231
v -3.379549 1.935682 -0.912384
v -2.607528 0.814371 -2.186423
v -2.105988 1.685953 -0.768894
v -1.414594 0.383364 -3.385012
v -1.459982 1.740173 -1.564654
v -0.937490 1.613238 -2.833803
v -0.734372 0.935434 -3.973452
v 0.050714 2.429512 -0.966147
v -0.016588 1.989614 -2.581110
v -0.022445 1.489832 -3.797919
v -0.842549 1.214528 -7.086455
v -1.109708 0.427211 -8.099787
v -0.153632 1.356072 -5.463646
v -0.224151 1.789944 -7.171613
v -0.998065 1.582665 -8.335498
v 0.220695 1.591704 -4.536640
v -1.406036 1.406580 -9.110216
v -1.129738 2.177312 -9.234546
v -1.296252 1.976953 -11.425853
v -1.487436 0.767022 -10.736341
v -1.439043 1.349618 -12.593858
v -0.031750 2.429764 -8.675418
v -0.398566 2.566194 -10.130056
v -0.498819 2.407323 -11.953557
v 0.270320 2.721403 -9.660568
v -1.184047 2.060626 -13.418871
v -1.751644 0.875114 -14.248638
v -1.513152 1.805618 -14.536146
v -1.728178 0.456473 -15.981217
v -1.698202 1.223259 -15.831473
v -1.510398 1.502961 -17.019808
v -0.720968 2.416570 -14.063656
v -0.857594 2.387423 -14.897167
v -0.276754 2.519422 -16.506723
v -1.871765 0.429529 -17.049156
v -1.024654 0.991908 -18.208591
v -0.938191 1.113594 -19.442343
v -0.365571 2.039703 -17.780869
v -0.573594 1.693238 -20.672316
v 0.123010 1.628728 -18.429216
v -1.978734 1.665823 -22.342487
v -2.418899 1.595585 -24.925632
v -1.563341 1.735060 -24.820683
v -0.589295 2.026023 -22.536518
v -0.714275 1.988520 -23.654560
v 0.350195 1.916962 -21.706352
v 0.001894 2.081167 -24.760061
v -2.492272 1.668234 -26.877537
v -2.109024 1.658401 -28.041771
v -1.412453 2.097586 -26.693832
v -1.066185 2.447092 -28.266781
v -0.510761 2.243074 -25.911957
v -0.417588 2.460261 -26.615788
v 0.003930 2.677974 -27.550329
v -2.615992 0.716896 -28.467857
v -1.987006 1.458054 -29.272682
v -2.024204 1.166220 -30.171574
v -1.655959 1.661483 -31.802139
v -1.541001 2.085644 -29.188559
v -0.880348 2.490245 -31.561455
v 0.001313 2.739446 -30.412479
v 0.002863 2.581948 -32.417332
v -0.286179 1.713170 -32.515511
v -0.000753 3.482244 -33.229328
v -0.013748 5.005158 -33.213661
v 0.719390 -1.009589 19.410692
v 0.633442 -2.080964 17.109051
v 1.165368 -0.312738 18.889254
v 1.161596 -1.580119 17.928341
v 1.638514 -0.777015 18.335863
v 1.741258 -1.938191 16.574175
v 2.451729 0.050696 18.454372
v 2.278410 -1.427211 17.859499
v 3.100902 -1.966808 17.125082
v 3.380322 -1.127623 18.169403
v 3.960454 -2.134501 16.110416
v 4.084689 0.294136 18.515968
v 0.450937 -2.124159 12.870149
v 0.982407 -2.058327 15.230746
v 2.052141 -1.802124 15.071077
v 1.506981 -1.713258 13.962343
v 1.098545 -1.786546 12.008352
v 2.362392 -1.049726 13.826073
v 1.727677 -1.112462 11.594973
v 2.811844 -2.055533 15.645437
v 2.706281 0.027686 13.589397
v 2.944946 -1.508127 14.631005
v 3.594293 -1.920182 15.171699
v 4.373221 -0.702907 14.241406
v 0.982342 -1.947553 10.225562
v 1.534891 -1.577827 6.186701
v 0.992585 -1.984645 7.537018
v 1.995191 -0.015080 11.562183
v 1.839090 -1.161772 10.075283
v 2.112977 0.193858 10.167707
v 2.117834 -0.616127 6.826200
v 2.493529 -0.647743 5.345260
v 1.376760 -1.714555 3.166812
v 2.650724 -0.132951 4.567410
v 1.457452 -7.755591 1.288128
v 1.479709 -8.342463 -0.011674
v 0.251772 -4.274609 2.155097
v 1.219489 -5.014157 1.786700
v 0.985220 -2.959888 2.046268
v 1.806476 -3.702696 1.214313
v 1.932517 -7.145617 0.973621
v 2.089916 -3.715398 0.285212
v 1.964650 -7.554718 -0.487075
v 0.933264 -2.128575 2.602367
v 1.587459 -2.026155 1.594395
v 1.926639 -1.880852 0.538575
v 2.456672 -0.977322 2.250542
v 2.189614 -2.674297 -0.280703
v 2.607351 -0.054409 2.971529
v 3.023246 -1.576000 1.341870
v 3.107671 -1.989596 -0.207343
v 3.571691 -0.271424 2.193031
v 5.697568 0.349916 18.470049
v 6.877402 -2.015126 17.215361
v 11.649256 -0.770840 18.266344
v 8.604307 -2.170305 16.338003
v 11.438824 -1.937558 17.314241
v 9.678776 -0.169849 18.537350
v 5.159780 -1.589306 14.764917
v 7.031057 -1.975090 15.302726
v 10.587900 -1.163954 14.451380
v 11.937374 -1.681162 14.980743
v 5.535338 -1.071481 1.833722
v 5.197567 -2.180518 0.700750
v 7.097581 -0.684834 2.003819
v 6.221329 -2.929509 0.352407
v 6.543951 -2.169466 1.241851
v 7.160305 -3.359737 -0.040475
v 7.680243 -2.350703 1.124702
v 8.450822 -0.875944 1.791577
v 8.149756 -2.832691 -0.025079
v 11.136915 -2.175054 16.098362
v 12.380560 -1.982428 16.636574
v 12.106565 -0.095651 14.200566
v 9.012453 -1.684959 0.741329
v 9.742718 -0.953159 0.993451
v 9.823606 -1.450490 0.019377
v 10.483384 -0.488878 0.670231
v 11.029997 -1.232935 -0.190030
v 11.218094 -0.423061 -0.063588
v 12.475019 -1.218114 17.732065
v 12.485357 0.455988 18.182434
v 13.207674 -1.242921 16.474438
v 13.073816 -1.528164 15.786985
v 13.098824 0.732932 17.096907
v 12.972868 -0.820415 15.426946
v 12.585560 0.037857 14.465326
v 13.021173 0.282923 15.649382
v 27.878870 -29.031599 25.850998
v 27.844927 -30.003838 24.483414
v 27.436584 -27.766216 25.013412
v 27.834766 -27.588882 25.699615
v 27.769102 -26.269794 24.767302
v 27.341316 -27.277378 23.874277
v 27.618597 -25.354124 24.007360
v 27.852720 -24.311401 23.709454
v 28.198608 -30.529474 23.548960
v 27.445572 -29.299259 23.443604
v 28.043962 -29.564756 22.612892
v 27.505751 -28.385715 22.647856
v 27.659468 -27.741549 21.947119
v 27.335476 -26.670034 22.707792
v 27.348396 -25.230959 22.345200
v 27.420956 -24.075878 22.537954
v 27.629854 -26.822815 21.464331
v 27.811249 -25.966476 20.686081
v 27.502495 -24.877993 20.637241
v 27.501789 -23.831337 20.047390
v 27.825558 -23.175880 23.143011
v 27.644205 -22.257948 22.297344
v 27.651180 -20.975018 21.639576
v 27.330328 -23.427198 21.675116
v 27.341696 -22.084999 20.982002
v 27.413921 -20.723097 20.891827
v 27.361046 -20.388153 20.055775
v 28.073742 -20.027908 21.436539
v 27.656174 -19.135519 20.483521
v 27.761297 -18.180830 20.017815
v 28.011974 -24.687584 19.780514
v 27.440336 -22.143837 19.197561
v 27.747547 -23.322683 19.180429
v 27.431520 -20.937153 18.571049
v 27.795660 -21.454063 18.074835
v 27.596045 -20.043098 17.664459
v 27.986219 -22.812140 18.696558
v 27.817339 -16.672983 19.301626
v 27.320152 -19.519955 19.028543
v 27.404781 -17.760212 19.160919
v 27.331108 -18.625528 18.205315
v 27.337851 -17.230173 17.731953
v 27.530466 -15.897032 18.488001
v 27.513945 -18.727585 17.000074
v 27.339083 -16.111013 16.997637
v 27.721088 -18.183271 16.297386
v 27.667034 -17.379269 15.945026
v 28.226845 -19.782211 16.896055
v 27.760927 -15.226407 18.432302
v 27.782768 -13.999046 17.715582
v 27.357670 -14.643504 16.907892
v 27.806816 -12.826132 17.023985
v 27.334639 -13.695377 15.986241
v 27.669008 -11.647167 16.266855
v 27.814322 -10.653011 15.810782
v 27.525475 -16.194103 15.494449
v 28.141386 -16.688814 15.124825
v 27.433760 -14.951442 15.105591
v 27.353193 -12.133214 15.396764
v 27.785587 -15.198690 14.475289
v 27.457567 -13.900723 14.396669
v 27.442822 -12.579707 13.662615
v 27.969187 -14.182188 13.765232
v 27.902172 -12.913489 13.039373
v 27.729572 -11.773545 12.585257
v 27.711620 -9.560440 15.116240
v 27.336983 -11.159040 14.438337
v 27.751675 -8.638897 14.466466
v 27.330496 -10.341913 14.126368
v 27.455347 -7.925881 13.655701
v 27.389397 -11.161342 13.098226
v 27.414534 -10.389259 12.571340
v 27.320709 -8.919137 12.998162
v 27.385666 -7.282139 12.712938
v 27.439468 -9.059302 11.647993
v 27.966745 -7.004519 13.891547
v 27.656773 -6.052339 12.932840
v 27.762039 -5.097647 12.466961
v 27.835691 -3.588196 11.751797
v 27.884750 -10.583416 11.773712
v 27.847980 -9.656623 11.195186
v 27.725645 -8.348357 10.616505
v 27.333664 -6.571621 11.156254
v 27.405651 -4.675279 11.611418
v 27.387447 -7.639462 11.084290
v 27.331013 -5.539855 10.656723
v 27.333416 -4.016374 10.523621
v 27.636591 -7.001170 9.994808
v 27.513008 -5.643577 9.450341
v 27.422977 -4.442905 9.077775
v 27.790070 -5.215869 8.703988
v 27.655380 -3.724011 8.142231
v 28.226814 -6.713340 9.351141
v 27.669010 -2.632925 11.037729
v 27.766224 -1.555407 10.440498
v 27.336304 -2.951383 9.764785
v 27.769999 -0.179416 9.667779
v 27.390928 -1.214127 9.447341
v 27.321560 -1.860634 8.978532
v 27.357672 -0.013138 8.375433
v 27.433256 -2.025737 7.622258
v 27.839209 -2.294033 6.982418
v 27.435234 -0.620395 6.833106
v 27.968634 -1.110720 6.220245
v 27.550465 0.329586 6.126553
v 29.194532 -29.184412 26.085344
v 29.141663 -30.093016 25.111034
v 29.138916 -30.485502 24.387293
v 28.843422 -27.889503 26.105169
v 29.125826 -26.933012 25.585634
v 28.917858 -30.049023 22.781586
v 29.526691 -29.331669 22.323090
v 28.437641 -27.001709 21.012844
v 28.446651 -23.769831 19.150122
v 29.007971 -22.573162 18.426193
v 28.468620 -21.489992 22.404385
v 29.135836 -22.848587 23.226160
v 29.030886 -16.616442 19.625746
v 29.625235 -13.136759 12.971947
v 28.933432 -16.045914 14.660351
v 28.995106 -13.121943 17.606419
v 29.275534 -6.828636 13.974323
v 28.930101 -10.168890 15.898314
v 28.938141 -9.369961 10.806376
v 28.992092 -3.251526 7.270927
v 28.437080 -4.338175 7.927515
v 29.417870 1.498856 4.517352
v 56.204460 -30.467968 24.343311
v 55.914482 -29.509613 25.872833
v 55.777145 -21.714268 22.566612
v 56.140045 -30.114994 22.852024
v 55.950264 -27.928947 26.096922
v 55.748413 -20.666687 17.325291
v 56.979801 -30.565805 23.459877
v 55.459064 0.084701 5.338425
v 55.797935 -11.913412 16.908220
v 55.323956 -29.266251 22.284458
v 56.344864 -27.089149 21.054535
v 56.598030 -16.711308 19.614002
v 56.344646 -23.762117 19.134350
v 56.354271 -17.651445 15.606083
v 55.514584 -12.874256 12.821416
v 56.602463 -14.031013 13.557804
v 56.603977 -10.658012 11.612856
v 56.360065 -6.630322 13.831903
v 55.486843 2.453175 8.619368
v 56.112682 -1.333992 10.794383
v 55.524094 -6.274532 9.011065
v 57.040005 -7.192816 9.792237
v 56.602470 -4.449722 8.022991
v 56.601265 -0.952782 6.007912
v 57.120186 -29.031639 25.901693
v 57.287487 -29.889042 24.404243
v 57.433327 -28.525848 25.188082
v 57.456863 -29.180368 23.832502
v 57.112392 -26.742146 25.215616
v 57.055901 -23.971512 23.608620
v 57.019936 -28.109848 26.066059
v 57.258694 -25.408079 24.218567
v 57.382771 -27.407310 25.100948
v 57.482105 -26.940453 23.948481
v 57.029942 -28.649706 22.154348
v 57.211830 -29.863510 22.992290
v 57.446709 -28.261677 22.896275
v 57.314144 -27.603693 21.897064
v 57.035980 -25.284739 20.237329
v 57.269798 -26.880352 21.388500
v 57.236526 -26.098467 20.920818
v 57.458710 -26.035566 23.853584
v 57.471447 -24.816650 22.940336
v 57.484119 -26.764977 22.447414
v 57.341927 -23.523277 22.942196
v 57.458542 -25.001953 21.087498
v 57.485210 -23.525959 21.296206
v 57.245720 -23.862686 19.652094
v 57.057343 -20.270363 21.479168
v 57.226322 -22.554596 22.578472
v 57.176548 -21.477604 22.065239
v 57.342670 -21.118835 21.554920
v 57.476299 -21.866360 21.202295
v 57.388260 -20.075073 20.656820
v 57.462505 -22.367926 19.733076
v 57.173622 -18.861313 20.530098
v 57.260658 -17.551085 19.708897
v 57.082535 -22.394590 18.584835
v 57.049274 -19.957409 17.125721
v 57.233482 -20.932629 17.939548
v 57.454372 -21.325474 18.820240
v 57.473877 -19.865864 18.618170
v 57.236320 -18.347418 16.413334
v 57.464317 -18.650532 19.501043
v 57.373886 -16.690962 18.839725
v 57.460129 -18.895508 17.646505
v 57.488815 -17.423618 17.480722
v 57.231285 -15.397300 18.386930
v 57.295338 -19.276619 16.977184
v 57.460228 -16.117008 16.019220
v 57.264030 -17.463024 15.954657
v 56.591331 -15.262162 18.795145
v 57.096138 -13.550291 17.593342
v 57.055874 -10.896626 16.061882
v 57.258198 -12.196586 16.575722
v 57.351093 -14.391939 17.660490
v 57.492218 -15.154895 17.034723
v 57.460403 -13.558989 16.519491
v 57.047318 -16.693779 15.252988
v 57.114712 -15.622982 14.803606
v 57.036381 -12.206655 12.688017
v 57.243202 -14.635898 14.313186
v 57.249817 -13.061567 13.387220
v 57.472343 -12.299405 15.659248
v 57.457855 -14.000080 14.737423
v 57.487503 -12.915310 14.530251
v 57.497364 -11.907339 14.635524
v 57.281872 -13.916048 13.826189
v 57.453831 -11.755454 13.284130
v 57.030579 -8.168500 14.530586
v 57.232597 -9.635633 15.145844
v 57.244179 -10.905554 12.126949
v 57.456810 -10.715664 14.942748
v 57.451401 -9.144362 13.956387
v 57.462303 -10.504858 12.788821
v 57.381485 -7.767619 13.773642
v 57.462742 -9.284049 12.184516
v 57.091599 -3.960322 12.064592
v 57.241581 -7.016062 13.649851
v 57.173233 -5.777496 12.978442
v 57.483173 -7.174295 12.600041
v 57.342846 -4.758028 12.140907
v 57.474487 -5.833202 11.852120
v 57.081871 -9.314624 11.034342
v 57.340523 -8.403637 10.968581
v 57.033970 -5.981055 9.070261
v 57.450333 -7.113925 10.700349
v 57.413155 -3.667403 10.945995
v 57.460331 -5.810872 10.096933
v 57.263512 -7.715657 10.237882
v 57.403305 -4.720508 9.082638
v 57.267181 -4.518350 8.368617
v 56.970993 -2.188339 11.116341
v 57.096115 -0.468123 10.042833
v 57.431000 -2.494617 10.477423
v 57.350639 -1.306871 10.110176
v 57.492100 -2.066446 9.484543
v 57.460503 -3.032812 8.470040
v 57.399235 -0.003045 9.028283
v 57.479885 0.617304 7.781794
v 57.034271 -2.479028 7.053489
v 57.189644 -3.581185 7.743805
v 57.272129 0.029151 5.847946
v 57.354916 -2.002348 7.266703
v 57.446983 -1.006973 7.130438
v 57.233093 -1.137567 6.347154
v 0.715602 1.063662 18.506662
v 0.578282 2.011276 17.249453
v 0.764550 2.076421 16.037310
v 1.539033 1.012473 18.240990
v 2.045900 1.724851 17.579056
v 2.026820 1.910609 15.823256
v 2.790857 1.970127 17.813023
v 3.285552 2.062235 16.136192
v 4.182038 1.543978 17.825787
v 0.692493 1.988036 12.620160
v 1.040509 1.713475 11.467051
v 1.433628 1.809044 14.592326
v 2.192375 1.235571 13.884681
v 1.757056 1.118508 11.919351
v 2.300649 1.670986 14.906178
v 3.463763 1.663824 14.911441
v 3.760214 0.670733 14.193855
v 5.036654 1.540393 14.729021
v 0.687444 1.985228 10.332828
v 1.323135 1.767298 8.075160
v 1.757645 1.237563 10.374387
v 2.086431 0.713465 7.482728
v 1.857036 1.375824 7.649304
v 0.895150 2.708571 7.334098
v 1.426195 3.546799 7.126976
v 1.898419 2.328511 6.899128
v 2.095673 1.105770 6.713569
v 2.342853 3.215695 6.747933
v 2.342592 0.197617 6.002855
v 2.498403 2.414739 5.921149
v 2.232128 0.991902 5.482756
v 2.567839 2.410583 4.859712
v 2.157370 1.517330 3.500412
v 3.210072 4.014784 7.020010
v 3.020594 2.680797 4.104970
v 3.700758 3.032671 6.078920
v 3.399340 2.749583 5.242924
v 4.236931 2.954077 4.174308
v 1.454392 4.760155 7.371571
v 2.554732 5.260763 7.385594
v 0.731592 2.166660 2.106655
v 0.668243 2.420623 0.707720
v 1.701392 2.830614 3.048396
v 0.835184 3.024841 -0.071583
v 2.105292 3.694687 2.987034
v 1.876318 1.407299 2.181227
v 1.762082 1.866885 0.369481
v 2.029171 2.217959 3.310557
v 2.442485 0.838534 2.413321
v 2.876383 1.536435 1.348089
v 2.831338 3.654917 3.101593
v 4.400808 3.651160 3.187026
v 3.551823 1.054724 1.854451
v 3.861981 1.915461 0.971862
v 3.578364 2.079108 -0.118415
v 4.239515 0.221304 2.153375
v 2.539703 5.019630 2.665078
v 3.620672 4.290181 2.816927
v 6.497373 1.986413 17.099712
v 5.574214 1.449468 18.017637
v 6.785490 1.259145 18.083393
v 8.125536 1.009777 18.231766
v 7.031435 2.252194 16.070900
v 10.877249 0.474918 18.466349
v 7.952441 1.991683 17.595953
v 7.943742 2.959100 16.442749
v 8.257668 4.943631 16.601435
v 4.765332 0.531773 14.138357
v 7.099499 1.761635 15.016010
v 6.477892 0.627426 14.226557
v 8.459323 1.561128 14.632977
v 8.289583 2.362289 15.086781
v 9.790178 0.846353 14.258972
v 5.003972 2.877426 5.504877
v 6.279388 2.889509 4.530788
v 14.978055 3.416906 6.623453
v 9.396290 2.932534 5.684231
v 4.502843 2.136012 0.214998
v 5.162514 3.225171 3.687255
v 5.739468 1.379701 1.660243
v 7.305006 1.057852 1.883706
v 7.297973 1.906207 1.026150
v 7.802566 2.073404 0.172709
v 9.374700 3.040553 3.996198
v 8.347624 0.613341 1.924691
v 8.494545 1.535429 1.220924
v 8.704136 2.413626 17.741375
v 8.359788 3.283992 17.338360
v 8.175274 3.890523 16.065739
v 9.023356 1.411316 18.116890
v 9.408704 3.346947 18.151875
v 8.914957 4.728204 17.902761
v 10.287432 4.110786 18.386595
v 10.140432 1.965842 18.083645
v 11.528472 2.151992 18.057055
v 11.307112 3.774833 18.229164
v 11.893555 4.426406 17.868450
v 9.201337 5.467450 17.607067
v 9.010076 5.637916 15.848089
v 10.458803 5.320909 18.094864
v 10.404785 5.720088 17.191170
v 10.349629 5.746618 15.801395
v 11.515420 5.113670 17.957991
v 11.195601 5.552150 17.665422
v 11.869968 5.546844 16.402611
v 8.596678 3.060406 15.027748
v 8.912697 4.795019 14.801402
v 9.547105 2.090852 14.586514
v 9.880965 3.376534 14.227070
v 11.153767 1.773947 14.498497
v 10.385515 2.738225 14.330511
v 10.699287 4.043003 14.170677
v 12.116230 1.281972 14.300291
v 11.770170 2.686933 14.653287
v 11.759375 4.554965 14.657721
v 9.768553 5.624956 14.957539
v 10.346501 5.302729 14.276688
v 11.253288 5.429932 14.809502
v 12.240297 5.110586 15.569175
v 25.477188 3.975953 7.014971
v 9.977491 2.835621 4.776375
v 9.117067 0.777467 1.240014
v 8.882766 1.709455 0.152483
v 9.984447 0.419810 0.602876
v 25.576109 5.741917 2.734695
v 25.398876 4.532669 2.751814
v 12.545289 1.407079 18.557291
v 12.592659 1.941645 17.712612
v 12.513214 2.750515 16.989885
v 12.709902 2.037617 16.310232
v 12.457358 4.989041 16.796310
v 13.285606 1.361279 17.600702
v 12.431119 3.068030 15.522617
v 12.437311 1.881070 15.021818
v 12.533547 4.583618 15.807137
v 17.909561 2.867630 5.257241
v 18.388821 3.042726 3.993970
v 19.065956 3.037432 6.061497
v 25.522938 3.044845 6.080482
v 25.992001 5.505403 7.357212
v 25.809345 7.625443 5.097687
v 26.078705 3.360267 3.519285
v 22.093216 2.890866 5.515467
v 21.049828 2.847111 4.769339
v 23.629261 2.920769 4.346213
v 25.594564 2.812277 5.093694
v 27.673532 1.078022 8.917535
v 27.816120 2.023649 8.454002
v 27.547909 2.869022 7.747888
v 26.077896 2.869575 4.274794
v 26.771482 3.707389 7.154289
v 26.739149 2.674361 6.055417
v 26.926218 2.440118 4.876017
v 27.281998 1.869250 6.891937
v 27.158089 3.074360 7.209545
v 27.247894 1.877640 5.611437
v 27.781590 0.800370 5.229308
v 27.893604 1.907036 4.468332
v 27.588570 2.949090 3.619419
v 27.196781 4.606963 7.482691
v 26.766693 7.852644 4.618814
v 27.557133 7.595009 5.913667
v 26.992443 7.735413 3.557950
v 28.348064 4.800817 7.538035
v 27.561081 8.201936 5.109268
v 27.787561 8.957594 4.464184
v 27.785980 9.857621 3.870181
v 27.273884 3.957015 2.790452
v 28.227343 3.184249 2.790998
v 28.447113 3.038597 1.851043
v 28.422781 2.272652 0.341406
v 28.487486 3.964691 0.865773
v 26.815531 5.184643 2.528719
v 26.849094 6.678352 2.634179
v 27.337574 6.037723 2.207960
v 27.438190 7.417102 2.021480
v 27.716364 7.969337 1.202249
v 27.955046 4.411712 2.145033
v 28.551710 5.288078 1.886908
v 28.117443 6.527835 1.691539
v 27.667564 11.004391 3.183810
v 27.285137 8.773693 3.173578
v 27.339376 9.787655 2.454292
v 27.607857 12.009733 2.438537
v 27.336321 10.846635 2.030194
v 27.442110 8.852925 1.322334
v 27.444506 10.067205 0.578860
v 27.337154 11.708300 0.733449
v 28.036945 8.831447 0.426342
v 27.860010 9.905571 -0.106996
v 27.710518 13.089445 2.035202
v 27.719589 13.906693 1.384699
v 27.850811 15.430299 0.789137
v 27.401310 14.452236 0.540706
v 27.417368 12.083929 -0.442559
v 27.320593 13.727316 -0.089489
v 27.643747 16.550215 -0.147999
v 27.879080 17.306549 -0.360766
v 28.761774 3.841252 7.848831
v 29.173868 2.974912 8.318737
v 29.067112 2.526846 3.772467
v 29.028131 4.735496 7.544386
v 28.955723 8.044418 5.532271
v 30.914106 6.209261 7.207485
v 30.927795 7.242923 6.430053
v 32.384651 5.489237 7.406363
v 32.568108 6.531180 7.008263
v 32.528206 7.288470 6.329333
v 29.149042 8.703353 5.029435
v 29.627083 9.561597 4.516031
v 28.594128 1.503969 -0.324433
v 29.362835 2.909197 2.854253
v 29.751667 2.537360 1.852939
v 30.130260 1.932281 0.833879
v 30.423883 4.076360 0.484139
v 29.384090 5.588827 1.777683
v 29.172657 6.781124 1.468429
v 29.462376 4.523559 1.204534
v 28.685228 12.215800 2.959591
v 28.944706 10.254264 -0.523861
v 28.755363 19.039564 -0.974523
v 55.914249 4.022646 7.786004
v 46.847786 5.006732 7.498740
v 44.592690 5.981966 7.268401
v 54.337589 2.283618 1.425583
v 55.221725 2.880574 2.779098
v 56.277107 8.164038 0.699124
v 55.184822 5.238315 1.736228
v 56.095989 6.471725 1.649618
v 44.838207 6.811742 6.806952
v 55.466824 9.473786 4.566623
v 55.623734 2.198359 4.054132
v 45.213879 7.493254 6.095106
v 46.619022 7.883890 5.675119
v 56.168907 8.466647 5.184104
v 46.414921 6.220953 7.204069
v 46.521454 6.938634 6.798760
v 48.130680 6.172409 7.183724
v 48.089329 6.942988 6.702535
v 56.120277 7.482758 6.073783
v 55.617210 5.488225 7.403439
v 56.168198 6.656512 6.885434
v 54.659843 4.099927 0.533548
v 56.570953 10.558378 3.848194
v 55.370865 1.556577 0.122840
v 56.059696 2.613248 1.304105
v 55.932610 3.833714 0.462735
v 56.478954 2.963968 3.353099
v 56.207413 1.852967 -0.350721
v 56.357056 4.886940 1.926939
v 55.413006 16.813576 0.328946
v 56.570305 17.447954 -0.130021
v 57.084908 2.030639 8.589628
v 57.187431 1.008872 9.050201
v 57.231155 3.225366 7.713010
v 56.955875 0.898964 5.052619
v 57.237167 2.259675 4.553585
v 57.455837 2.346923 7.377788
v 57.235462 4.334099 7.070399
v 57.467522 1.686988 5.778665
v 57.400284 5.774378 6.169424
v 57.464466 3.494098 5.281168
v 57.306965 3.900939 3.758631
v 56.599251 4.502053 7.515131
v 56.954742 6.115441 7.014769
v 57.156006 7.073750 6.120696
v 57.223793 8.114714 4.933390
v 57.437363 6.824478 5.035773
v 57.472221 6.675801 3.661316
v 57.429817 8.527975 3.996422
v 57.056389 11.764812 2.974769
v 57.239918 9.589759 4.078608
v 56.785740 3.872544 2.622169
v 56.304573 3.399701 1.933704
v 56.263565 3.077842 0.237284
v 56.214470 4.121521 1.347099
v 57.250267 5.657790 2.569492
v 57.186142 7.210497 1.619229
v 57.476383 7.574186 2.519248
v 57.310581 8.520172 1.129289
v 57.047199 9.469507 0.151092
v 57.358055 10.802362 3.059495
v 57.477943 9.398741 2.985203
v 57.461304 11.500852 2.049925
v 57.408733 10.427671 0.349080
v 57.485226 12.207119 0.661454
v 57.057545 15.464564 0.845814
v 57.236233 12.992543 2.075248
v 57.178764 14.241838 1.440333
v 57.343147 14.615695 0.920965
v 57.476463 13.866301 0.568253
v 57.278591 16.121906 0.129750
v 57.326416 17.389843 -0.639113
v 1.036057 -7.985831 -1.626558
v 0.703074 -4.905851 -2.064560
v 1.400764 -7.158454 -1.651864
v 1.271792 -3.485418 -1.808156
v 2.000662 -3.760473 -0.907252
v 1.947349 -7.144561 -1.022891
v 0.725854 -1.853454 -2.874744
v 1.253046 -2.459714 -1.934136
v 1.290656 -0.699487 -3.337782
v 1.792947 -1.926231 -1.103982
v 1.715361 -1.663968 -1.997297
v 2.330798 -0.679478 -2.453858
v 2.977207 -1.503011 -1.530558
v 4.442487 -1.036178 -1.965947
v 3.470331 -0.524444 -2.151830
v 0.452780 -4.571126 -5.747537
v 1.006409 -6.063570 -4.572796
v 1.279378 -5.342015 -6.331817
v 1.118176 -6.149804 -7.966470
v 1.028216 -4.828278 -8.000938
v 1.679930 -5.803000 -7.106624
v 1.019988 -3.964667 -6.507269
v 1.484713 -5.654413 -7.766414
v 0.895645 -0.563967 -7.884703
v 0.631598 0.310260 -4.753476
v 0.872157 -3.398590 -5.966516
v 0.920464 -2.692020 -5.987526
v 0.763580 -0.639549 -6.650261
v 0.969230 -3.459502 -7.801194
v 1.089775 -1.892801 -7.098938
v 0.995848 0.440956 -6.968320
v 0.832968 -2.628887 -8.468630
v 0.824849 -5.551663 -8.744192
v 0.730528 -3.013435 -8.937702
v 0.862699 -1.407452 -8.939366
v 1.182873 -0.749779 -9.831371
v 1.210295 -0.585628 -12.013615
v 1.349800 0.050403 -8.777499
v 1.473768 0.398683 -9.804012
v 0.982904 -0.934137 -10.938672
v 1.484044 0.320591 -11.187391
v 1.083565 -0.780119 -14.715588
v 0.907820 -0.929035 -16.591705
v 1.457182 -0.127800 -12.924378
v 1.704902 0.272917 -14.462679
v 1.465615 -0.198860 -17.066023
v 0.826783 -3.606301 -20.105118
v 0.513401 -0.254162 -18.665215
v 0.502638 -2.535982 -19.266571
v 0.429064 -1.150454 -19.312096
v 0.983726 -1.230707 -20.164608
v 1.431943 -0.017596 -20.086813
v 2.440048 0.164326 -20.370270
v 0.931319 -0.859267 -21.288303
v 0.487347 -3.321853 -20.970024
v 1.139477 -0.553376 -22.297916
v 1.298848 -0.554344 -23.983135
v 1.874168 -0.502426 -21.687302
v 3.048696 -0.382626 -21.437408
v 3.176523 -0.455906 -22.574049
v 3.484275 -0.445136 -26.448929
v 0.547648 -0.807960 -25.449247
v 0.470057 -1.423446 -27.414902
v 1.131374 -0.836240 -26.165545
v 1.693673 -0.561834 -25.781237
v 1.799334 -0.790784 -27.532946
v 2.491217 -0.450301 -27.438305
v 2.728727 -0.060074 -28.192114
v 3.874242 0.022978 -27.824841
v 1.105452 -1.055820 -29.287470
v 1.146431 -0.605975 -31.970097
v 1.603953 -0.578067 -29.784203
v 2.057271 -0.007582 -29.129971
v 1.842044 0.134466 -31.722616
v 4.998321 -2.208154 -0.581387
v 5.605792 -1.938087 -1.249086
v 5.692253 -1.013323 -1.960537
v 7.105849 -0.260056 -2.099939
v 6.354705 -2.732717 -0.835798
v 7.294851 -2.020518 -1.403520
v 7.520349 -2.747137 -1.003295
v 8.435070 -1.973238 -1.034778
v 8.444288 -0.818240 -1.864196
v 14.310604 -0.175929 -20.820496
v 13.911289 -0.447449 -22.296186
v 14.872190 0.061642 -27.780266
v 9.449718 -1.131794 -1.061291
v 8.863938 0.156173 -1.714162
v 10.033969 -1.106395 -0.949715
v 10.069687 0.140868 -0.786399
v 14.345006 -0.409971 -26.640999
v 13.595796 -0.454268 -25.765963
v 15.701372 0.449477 -20.529657
v 15.373164 -0.179843 -21.476997
v 15.634803 -0.099845 -26.564676
v 15.936115 0.248879 -24.038052
v 15.873777 0.303520 -27.759640
v 28.418198 0.471194 -2.551950
v 28.506241 -0.513041 -3.960593
v 28.446014 -1.063810 -4.996300
v 28.455103 -0.182062 -5.794874
v 28.482613 -1.968419 -6.402640
v 28.446777 -2.574057 -7.512316
v 28.390022 -1.041832 -7.241004
v 28.457542 -1.811816 -8.472445
v 28.611851 -3.382351 -8.966382
v 28.525780 -2.582471 -9.777466
v 29.539375 -1.349831 -4.654308
v 29.952763 -3.236846 -7.798520
v 29.180450 -0.559253 -7.135945
v 29.883732 -1.661441 -9.037186
v 28.868740 -3.357797 -9.690184
v 29.952438 -3.634881 -8.629118
v 29.878788 -3.151794 -9.788349
v 29.687794 -2.120187 -9.681829
v 54.641003 -3.242449 -7.807149
v 55.064968 -2.371098 -9.762025
v 54.971344 -3.475350 -9.576874
v 55.030365 -3.602959 -8.624434
v 54.447895 -0.520868 -3.251378
v 55.591450 -1.489355 -5.038755
v 56.046711 -0.424770 -3.733375
v 56.114334 0.364089 -2.720613
v 55.595108 -0.581272 -7.082116
v 56.046776 -1.934927 -6.248947
v 56.023636 -2.877886 -7.673956
v 56.024857 -1.358557 -8.004788
v 56.068562 -0.094819 -5.709541
v 56.110832 -2.774524 -9.630611
v 56.166267 -3.194066 -8.662136
v 56.268818 -0.311188 -4.635388
v 56.239792 -1.273227 -5.546801
v 56.268837 -1.821734 -7.152526
v 56.199440 -0.758998 -6.968013
v 56.251953 -2.076397 -8.474467
v 0.981079 1.613792 -2.796570
v 0.926212 2.170083 -1.014929
v 1.147398 0.627009 -3.567632
v 2.152738 1.625692 -0.700602
v 2.058984 1.440583 -1.860469
v 2.340176 0.427009 -2.600626
v 3.048432 0.772165 -2.086571
v 3.531049 1.852279 -1.057692
v 3.967419 0.450641 -2.135922
v 0.621537 1.046943 -5.879407
v 0.878967 1.402520 -7.525796
v 1.031473 1.580427 -8.332692
v 0.605945 2.446096 -10.589594
v 1.025463 2.228621 -9.149603
v 1.019008 2.184615 -11.913188
v 1.402099 1.649736 -9.155053
v 1.445121 1.893317 -11.285564
v 1.444760 1.344971 -12.619925
v 0.856351 2.368636 -14.339858
v 0.984256 2.277005 -13.280136
v 0.896776 2.375551 -16.553564
v 1.738594 0.926303 -14.111612
v 1.517878 1.795515 -14.239931
v 1.673797 1.228550 -16.267437
v 1.350305 1.764887 -17.253166
v 0.420874 2.280520 -17.498758
v 0.594707 1.367163 -19.423315
v 1.141608 0.690936 -18.095034
v 0.842079 0.987810 -18.609482
v 1.085713 0.942911 -19.569485
v 1.506766 1.384874 -20.305187
v 1.879249 0.718912 -17.032803
v 3.022609 1.136381 -20.341129
v 0.647874 2.012812 -22.631771
v 1.485786 1.645808 -21.254539
v 1.455812 1.753972 -24.318851
v 2.070862 1.665594 -22.534874
v 2.862360 1.518888 -21.201330
v 2.195583 1.642554 -25.360626
v 2.845921 1.567773 -23.955761
v 3.576729 1.555446 -22.135273
v 0.648706 2.056974 -25.278141
v 0.932756 2.318289 -26.612278
v 1.068246 2.441322 -27.939243
v 2.052983 1.820315 -26.957453
v 1.945415 1.783369 -28.477814
v 3.107309 1.489701 -27.531841
v 4.083774 1.545892 -26.572857
v 1.026366 2.449723 -31.188118
v 1.994292 1.259742 -29.561495
v 1.980673 0.112281 -30.041405
v 1.744297 1.615316 -31.786499
v 2.650862 0.875518 -28.483665
v 3.691855 1.072573 -28.081173
v 0.835113 0.741900 -32.397278
v 1.175207 1.686519 -32.222149
v 5.796035 1.504684 -1.547968
v 5.673553 0.981519 -1.972744
v 7.401201 1.508281 -1.552241
v 7.133095 2.055190 -0.737140
v 8.414133 1.750717 -1.016689
v 8.382460 0.972497 -1.829082
v 15.370541 1.336572 -20.630375
v 15.553699 1.320052 -27.644449
v 9.070003 1.132183 -1.118187
v 10.346246 0.362596 -0.223415
v 14.431673 1.544602 -21.775387
v 14.390702 1.545018 -26.561413
v 15.959209 1.210238 -24.072044
v 28.454950 2.838437 -0.762969
v 28.534281 1.135116 -1.234217
v 28.389933 1.978618 -2.208768
v 28.495735 1.304679 -3.441745
v 27.718857 10.936893 -0.513779
v 27.886791 12.060107 -1.303713
v 27.337271 15.009965 -0.659028
v 27.440985 13.589506 -1.436611
v 27.330849 15.828848 -0.971200
v 27.848967 12.997217 -1.887003
v 27.432034 14.795936 -2.063159
v 27.413033 15.781250 -2.527936
v 27.796150 14.281113 -2.558009
v 27.875238 15.632672 -3.335528
v 27.660349 18.291323 -1.004763
v 27.342484 17.171928 -1.664002
v 27.700527 19.442749 -1.681253
v 27.347383 18.191782 -2.164488
v 27.343241 18.993076 -2.544677
v 27.422215 16.933163 -3.230386
v 27.400463 20.181795 -3.008102
v 27.425169 18.056477 -3.943676
v 27.842186 16.853811 -4.080349
v 27.791239 20.731846 -2.218798
v 27.781612 21.735418 -2.918139
v 27.806246 22.908812 -3.609195
v 27.343773 21.376389 -4.049640
v 27.792336 24.352459 -4.419116
v 28.360477 0.611264 -4.440657
v 27.454748 19.238005 -4.723659
v 27.816097 18.050568 -4.804261
v 27.903116 19.317308 -5.574440
v 27.504265 20.365099 -5.488853
v 27.346134 22.590136 -4.828475
v 27.348408 23.587383 -5.838478
v 27.579544 21.337296 -6.172144
v 27.421154 24.741970 -5.645653
v 27.690569 22.123028 -6.944619
v 27.732561 23.192177 -7.550481
v 27.599646 24.290638 -7.881974
v 27.825716 25.641296 -5.041176
v 27.644373 26.559906 -5.886840
v 27.768272 27.769894 -6.435702
v 27.330374 25.391043 -6.508466
v 27.341766 26.733355 -7.201597
v 27.415102 25.343666 -8.062814
v 27.414133 28.094828 -7.291932
v 27.361120 28.429609 -8.127742
v 27.829489 29.156666 -7.063400
v 27.663670 30.142771 -7.881510
v 27.777639 31.302885 -8.450722
v 27.440104 26.674070 -8.986187
v 27.885778 25.140051 -8.852947
v 27.848389 26.078854 -9.437962
v 27.431335 27.880882 -9.612703
v 27.795483 27.363201 -10.109423
v 27.753529 28.721657 -10.707098
v 27.350735 29.627434 -8.758965
v 27.344950 30.526814 -9.750211
v 27.591717 32.361492 -9.382406
v 27.347416 29.023760 -9.802361
v 27.322889 31.357010 -10.130460
v 27.513695 30.090197 -11.183728
v 27.423672 31.290691 -11.556594
v 27.339071 32.707352 -11.186090
v 27.790840 30.519457 -11.929267
v 28.002357 29.409693 -11.456855
v 27.722107 33.557262 -9.781285
v 27.783203 34.818470 -10.468339
v 27.357811 34.174721 -11.275701
v 27.817095 35.990494 -11.158158
v 27.334694 35.122566 -12.197215
v 27.669054 37.170383 -11.917319
v 27.815269 38.159088 -12.370041
v 27.700632 31.931553 -12.587567
v 27.433802 33.707840 -13.012066
v 27.348408 36.849106 -12.930788
v 27.839638 33.441544 -13.650615
v 27.457237 34.917244 -13.787079
v 27.442684 36.251293 -14.526172
v 27.969812 34.640476 -14.422108
v 27.850046 35.651398 -14.969442
v 27.705637 39.175320 -13.173264
v 28.019835 39.923637 -13.722322
v 27.359385 38.035713 -14.647693
v 27.637318 39.260975 -14.751014
v 27.738503 36.744026 -15.423615
v 27.699268 37.938488 -15.929438
v 27.981508 38.941479 -15.961409
v 28.380581 38.472328 -16.440765
v 29.190264 2.405214 -2.200779
v 29.190493 0.894699 -4.715300
v 29.591354 3.498752 -0.441896
v 29.440186 0.109707 -2.240785
v 28.938797 16.582647 -4.177637
v 29.580532 11.131701 -1.039259
v 28.935001 22.615015 -3.028973
v 29.190403 25.462265 -4.664775
v 30.008345 0.216652 -5.923719
v 28.436615 18.324406 -5.157290
v 28.444916 21.514029 -6.995105
v 28.983650 23.201107 -8.001302
v 28.547180 28.702747 -6.557512
v 28.755177 32.114075 -8.522914
v 28.923740 29.951077 -11.895941
v 29.607458 36.992569 -11.321336
v 28.795033 39.477379 -12.795105
v 28.436882 31.401190 -12.706849
v 29.074272 34.263565 -14.392233
v 29.302324 37.259850 -16.114740
v 28.813261 39.994072 -14.397676
v 28.553711 37.657356 -16.294979
v 29.126387 39.176380 -15.898053
v 29.855814 39.601990 -15.201678
v 55.952198 39.851059 -14.708208
v 55.712406 39.213638 -15.835444
v 56.709488 39.999939 -13.508559
v 56.721359 38.255428 -16.378204
v 55.470573 16.653160 -4.227103
v 54.563583 1.810550 -3.270740
v 55.585762 2.264288 -2.348797
v 55.095219 0.123363 -2.215189
v 55.590691 0.887623 -4.635158
v 55.924469 3.023177 -0.837288
v 56.018929 1.026059 -1.285720
v 56.171932 1.683218 -2.609551
v 56.338539 12.016869 -1.523395
v 56.371780 15.445437 -3.498789
v 56.611645 18.103207 -4.998561
v 55.514439 26.133856 -5.053208
v 56.600868 22.520575 -3.034339
v 54.451660 -1.521949 -8.820317
v 55.768780 21.821808 -7.205491
v 56.604435 25.085623 -9.024273
v 56.353004 27.563652 -5.909729
v 56.327461 35.387058 -10.421354
v 56.598129 32.104038 -8.569359
v 56.019329 27.861183 -10.691036
v 55.416267 36.766464 -15.839750
v 56.352615 31.163637 -12.577261
v 55.752979 39.220142 -12.616948
v 56.602531 34.719040 -14.588661
v 56.248505 2.174032 -1.107782
v 56.203014 0.852715 -1.877372
v 56.232147 0.693060 -3.899935
v 56.968472 10.688465 -0.605299
v 57.287334 12.232789 -1.133829
v 57.264240 11.343843 -0.744204
v 57.040550 13.415697 -2.125328
v 57.215130 15.133773 -2.962443
v 57.462334 13.366079 -0.901847
v 57.483471 15.471025 -0.483894
v 57.454235 14.409621 -1.814258
v 57.473740 15.867436 -2.016548
v 57.091713 18.692068 -1.018141
v 56.971130 20.451305 -1.956712
v 57.216652 16.835623 -3.913112
v 57.447685 17.696072 -1.367620
v 57.362419 19.528999 -1.958819
v 57.488407 16.776108 -2.578950
v 57.485954 18.464209 -2.873050
v 57.440170 20.691700 -3.108258
v 57.330650 18.133377 -4.475190
v 57.460030 19.616634 -4.615235
v 57.055904 24.843536 -4.574213
v 57.269749 21.699276 -2.998873
v 57.228661 23.570257 -3.998753
v 57.325348 22.515146 -3.545684
v 56.186298 0.446584 -4.865634
v 57.047340 19.041660 -5.380188
v 57.034302 20.177322 -6.029485
v 57.354568 20.648495 -5.815257
v 57.100513 22.038754 -7.071041
v 57.036083 23.531279 -7.946249
v 57.485832 21.989050 -4.886670
v 57.471367 24.001816 -5.243408
v 57.366932 21.545616 -6.283545
v 57.458473 22.841595 -6.488953
v 57.458588 23.815718 -7.096161
v 57.213673 22.669699 -7.420075
v 57.232967 26.096106 -5.485312
v 57.216194 27.250145 -6.154086
v 57.430206 24.999350 -5.363098
v 57.485210 25.292019 -6.887305
v 57.262611 28.190674 -6.707214
v 57.476238 26.952213 -6.981666
v 57.388180 28.743778 -7.527661
v 57.275997 24.923067 -8.458143
v 57.462570 26.449820 -8.450390
v 56.812679 29.313290 -7.001069
v 57.228706 30.603767 -8.109866
v 57.412720 29.553343 -7.909920
v 57.081467 26.418119 -9.596984
v 57.207584 28.160362 -10.481915
v 57.454430 27.491617 -9.363330
v 57.473923 28.952015 -9.565367
v 57.076828 29.201244 -11.159194
v 57.236435 30.470222 -11.770968
v 57.311607 31.594822 -8.735808
v 57.475422 30.477007 -8.997124
v 57.413326 32.064064 -9.686991
v 57.460197 29.922306 -10.537206
v 57.456745 31.296530 -11.432009
v 57.460304 32.700848 -12.164431
v 56.971169 33.546234 -9.515874
v 57.287018 34.700645 -10.531567
v 57.239502 35.765350 -11.027348
v 57.431290 33.236820 -10.156290
v 57.492188 33.664013 -11.149221
v 57.496052 34.900112 -11.896170
v 57.349953 36.541061 -12.015354
v 57.084801 37.774738 -12.048759
v 57.047298 32.123375 -12.931129
v 57.207649 31.328163 -12.392467
v 57.034111 33.259148 -13.580820
v 57.044453 35.854435 -15.089401
v 57.354771 33.731972 -13.366350
v 57.446709 34.725601 -13.503204
v 57.471439 36.270500 -13.880698
v 57.268883 34.732147 -14.282072
v 57.320374 36.775948 -15.215446
v 56.956337 38.999802 -12.685087
v 57.038506 39.058346 -15.713316
v 57.230232 39.448997 -14.629971
v 57.229153 37.630119 -15.862237
v 57.455963 38.140491 -13.254758
v 57.399498 39.228367 -13.668364
v 57.463074 38.098358 -14.977867
vn -0.5478 -0.3786 0.7460
vn -0.7183 -0.6162 0.3230
vn -0.9634 -0.1133 -0.2430
vn -0.5435 0.4052 0.7351
vn -0.7915 0.3097 0.5270
vn -0.8978 0.2084 0.3879
vn -0.2011 0.2965 0.9336
vn -0.3345 0.4426 0.8320
vn -0.5753 -0.7667 -0.2850
vn -0.9977 -0.0656 -0.0176
vn -0.8486 -0.3584 -0.3891
vn -0.7331 -0.3452 -0.5859
vn -0.1414 -0.6626 -0.7355
vn -0.5571 -0.4000 -0.7277
vn -0.9993 0.0038 0.0380
vn -0.9900 0.0896 0.1091
vn -0.9596 -0.1359 -0.2464
vn -0.9581 -0.1306 -0.2548
vn -0.9820 -0.0963 -0.1627
vn -0.6278 -0.3994 -0.6681
vn -0.6329 -0.3717 -0.6792
vn -0.6532 0.3818 0.6539
vn -0.7906 0.3832 0.4776
vn -0.6085 0.2856 0.7404
vn -0.8993 0.3187 0.2995
vn -0.9978 0.0086 0.0659
vn -0.9551 0.1925 0.2254
vn -0.2598 0.5213 0.8129
vn -0.8211 0.3144 0.4764
vn -0.6839 0.3194 0.6559
vn -0.6706 -0.3890 -0.6317
vn -0.4515 0.4309 0.7813
vn -0.9708 -0.1251 -0.2047
vn -0.9715 -0.1053 -0.2126
vn -0.8701 -0.1827 -0.4577
vn -0.7430 -0.3272 -0.5838
vn -0.2809 -0.5452 -0.7899
vn -0.5206 -0.3955 -0.7567
vn -0.7269 0.3319 0.6012
vn -0.9931 -0.0770 -0.0880
vn -0.9928 0.0266 0.1167
vn -0.9250 0.1639 0.3427
vn -0.9988 0.0233 0.0427
vn -0.7215 -0.3585 -0.5924
vn -0.9865 -0.0921 -0.1357
vn -0.5228 0.4439 0.7277
vn -0.7349 0.3616 0.5737
vn -0.9964 0.0365 0.0763
vn -0.7153 0.3778 0.5879
vn -0.9846 0.1231 0.1244
vn -0.7564 0.3006 0.5810
vn -0.7135 0.3616 0.6001
vn -0.6738 -0.3926 -0.6260
vn -0.7226 -0.3432 -0.6001
vn -0.6407 -0.3668 -0.6745
vn -0.9983 0.0400 0.0428
vn -0.9776 -0.0983 -0.1858
vn -0.9940 0.0687 0.0847
vn -0.9570 -0.1352 -0.2566
vn -0.6453 -0.3923 -0.6555
vn -0.6297 -0.3733 -0.6812
vn 0.1205 -0.5800 -0.8057
vn -0.4597 0.3586 0.8124
vn -0.9813 -0.0936 -0.1682
vn -0.6191 0.3407 0.7076
vn -0.9951 0.0620 0.0775
vn -0.9637 -0.1406 -0.2272
vn -0.9635 -0.1330 -0.2324
vn 0.3667 -0.4602 -0.8085
vn -0.7822 0.3500 0.5154
vn -0.8427 0.2257 0.4887
vn -0.7179 0.3320 0.6119
vn -0.7215 0.3333 0.6069
vn -0.6411 -0.4042 -0.6524
vn -0.8355 -0.1871 -0.5167
vn -0.5059 -0.4626 -0.7281
vn -0.4272 -0.4523 -0.7829
vn -0.9968 -0.0577 -0.0558
vn -0.9928 0.0264 0.1167
vn -0.8261 -0.3013 -0.4762
vn -0.9988 0.0233 0.0428
vn -0.6952 -0.3599 -0.6222
vn -0.8020 -0.3086 -0.5115
vn -0.6628 -0.3951 -0.6361
vn -0.2959 -0.4700 -0.8316
vn -0.1574 -0.4973 -0.8532
vn -0.9247 0.1643 0.3434
vn -0.5217 0.4437 0.7287
vn -0.7506 0.3135 0.5817
vn -0.9965 0.0369 0.0755
vn -0.9877 0.0609 0.1442
vn -0.9870 -0.0858 -0.1362
vn -0.9996 -0.0135 -0.0245
vn -0.3297 0.4713 0.8180
vn -0.9314 -0.1658 -0.3241
vn -0.6465 -0.4065 -0.6456
vn -0.9457 -0.1385 -0.2939
vn -0.6278 -0.3821 -0.6782
vn -0.5046 -0.4202 -0.7542
vn -0.5634 -0.3935 -0.7265
vn -0.1165 -0.6883 0.7160
vn -0.1010 -0.9905 0.0930
vn -0.0641 -0.1044 0.9925
vn -0.0983 -0.8761 0.4721
vn -0.1268 0.5324 0.8370
vn -0.0667 0.9352 0.3479
vn -0.0174 0.4843 0.8747
vn -0.1450 -0.4981 -0.8549
vn -0.0266 -0.5454 -0.8378
vn -0.0031 -0.5022 -0.8647
vn -0.1548 -0.4938 -0.8557
vn -0.0207 -0.5000 -0.8658
vn -0.1957 0.4925 0.8480
vn -0.0492 0.4904 0.8701
vn -0.1437 0.4869 0.8616
vn -0.1692 -0.4774 -0.8623
vn -0.1537 -0.5027 -0.8507
vn -0.1722 0.4923 0.8533
vn -0.1680 0.4960 0.8519
vn -0.0057 0.5004 0.8657
vn -0.1722 0.5027 0.8472
vn -0.0110 -0.5001 -0.8659
vn -0.1505 -0.4953 -0.8556
vn -0.1197 -0.4953 -0.8604
vn -0.1515 0.4944 0.8559
vn -0.2306 0.4761 0.8486
vn -0.1235 0.4933 0.8610
vn 0.3417 -0.4780 -0.8092
vn -0.0721 -0.5383 -0.8397
vn 0.8817 0.4679 0.0595
vn -0.1337 -0.4899 -0.8615
vn 0.0533 -0.9980 0.0336
vn 0.0305 -0.7117 -0.7018
vn 0.0915 -0.3120 0.9457
vn 0.1726 -0.6822 0.7105
vn 0.0265 -0.5023 -0.8643
vn 0.2282 0.1342 0.9643
vn 0.0914 0.4545 0.8860
vn 0.2270 0.4960 0.8381
vn 0.1051 -0.4941 -0.8630
vn 0.2458 0.4696 0.8480
vn 0.2261 -0.4905 -0.8416
vn 0.0359 0.4993 0.8657
vn 0.2585 0.5039 0.8241
vn 0.0281 0.4984 0.8665
vn 0.2374 0.4968 0.8348
vn 0.9881 0.1192 0.0976
vn -0.9531 -0.2459 -0.1766
vn 0.3013 0.4727 0.8281
vn 0.0463 0.5012 0.8641
vn 0.2419 0.4845 0.8407
vn 0.6184 -0.3758 -0.6902
vn 0.3171 -0.4785 -0.8188
vn 0.2900 -0.4820 -0.8268
vn 0.9976 0.0610 0.0330
vn 0.2227 0.4761 0.8507
vn 0.0472 0.4981 0.8658
vn 0.2072 0.4707 0.8576
vn 0.2104 -0.5001 -0.8400
vn 0.1129 -0.4978 -0.8599
vn 0.3154 0.4679 0.8256
vn 0.1779 -0.4889 -0.8540
vn 0.1017 -0.5786 -0.8093
vn 0.2115 -0.4841 -0.8491
vn 0.6321 -0.6975 0.3375
vn 0.6732 -0.2467 0.6970
vn 0.9819 -0.0204 0.1882
vn 0.9878 -0.1550 0.0173
vn 0.6188 0.3810 0.6870
vn 0.7839 0.3141 0.5355
vn 0.9035 0.1471 0.4026
vn 0.5994 -0.7545 -0.2671
vn 0.5138 -0.4891 -0.7048
vn 0.6400 -0.3685 -0.6742
vn 0.9078 -0.1442 -0.3939
vn 0.6050 -0.3459 -0.7171
vn 0.6755 -0.3674 -0.6393
vn 0.7149 -0.3491 -0.6058
vn 0.9932 0.0512 0.1050
vn 0.9968 -0.0354 -0.0723
vn 0.8067 0.2859 0.5173
vn 0.9834 0.1078 0.1461
vn 0.9620 -0.1036 -0.2527
vn 0.9874 -0.0587 -0.1467
vn 0.8571 -0.2470 -0.4521
vn 0.6854 0.3502 0.6385
vn 0.8185 0.2757 0.5040
vn 0.9904 0.0292 0.1353
vn 0.7327 0.3883 0.5588
vn 0.9973 0.0464 0.0575
vn 0.9387 0.1546 0.3082
vn 0.9870 -0.0710 -0.1440
vn 0.6355 0.3469 0.6898
vn 0.8146 0.2741 0.5112
vn 0.6379 -0.3920 -0.6629
vn 0.6329 -0.3787 -0.6753
vn 0.8994 -0.2709 -0.3431
vn 0.9960 -0.0646 -0.0616
vn 0.9899 -0.0714 -0.1223
vn 0.6080 -0.3991 -0.6864
vn 0.9338 -0.1670 -0.3165
vn 0.7395 0.3696 0.5626
vn 0.9955 0.0379 0.0868
vn 0.9069 0.1969 0.3726
vn 0.9999 -0.0053 -0.0127
vn 0.5573 0.6574 0.5071
vn 0.9844 -0.0946 -0.1482
vn 0.6064 0.3740 0.7017
vn 0.6765 0.3905 0.6244
vn 0.8391 0.2678 0.4735
vn 0.8498 0.2602 0.4584
vn 0.9973 0.0303 0.0664
vn 0.9809 -0.0984 -0.1679
vn 0.9997 -0.0046 -0.0242
vn 0.9835 0.0924 0.1553
vn 0.8118 0.2975 0.5024
vn 0.6494 -0.3830 -0.6570
vn 0.6367 -0.4051 -0.6561
vn 0.7151 -0.3421 -0.6096
vn 0.8583 -0.2516 -0.4473
vn 0.8380 -0.2778 -0.4697
vn 0.9979 -0.0337 -0.0550
vn 0.9871 -0.0833 -0.1368
vn 0.7082 0.3404 0.6186
vn 0.8141 0.2727 0.5127
vn 0.8150 -0.2831 -0.5057
vn 0.9869 0.0807 0.1396
vn 0.9964 0.0420 0.0743
vn 0.9918 -0.0548 -0.1153
vn 0.9856 -0.0628 -0.1571
vn 0.7253 0.3498 0.5929
vn 0.8105 0.2753 0.5170
vn 0.7396 0.3125 0.5961
vn 0.9873 0.0862 0.1332
vn 0.7468 0.2987 0.5942
vn 0.6882 -0.3562 -0.6320
vn 0.8161 -0.3157 -0.4841
vn 0.9923 -0.0809 -0.0937
vn 0.5643 -0.3848 -0.7304
vn 0.6599 -0.3602 -0.6593
vn 0.9958 0.0451 0.0799
vn 0.9953 -0.0583 -0.0774
vn 0.9999 0.0097 0.0105
vn 0.9324 0.1908 0.3068
vn 0.6765 -0.4105 -0.6115
vn 0.8626 -0.1712 -0.4761
vn 0.9841 -0.0728 -0.1623
vn 0.5529 0.4351 0.7107
vn 0.8385 0.2722 0.4720
vn 0.8505 0.2565 0.4592
vn 0.9978 0.0325 0.0584
vn 0.9865 -0.0940 -0.1339
vn 0.9995 0.0126 0.0284
vn 0.6446 -0.3873 -0.6591
vn 0.6618 -0.3693 -0.6524
vn 0.5509 -0.4117 -0.7260
vn 0.7647 -0.3311 -0.5528
vn 0.9876 -0.0835 -0.1330
vn 0.9762 -0.1450 -0.1612
vn -0.9877 -0.0983 0.1213
vn -0.7182 -0.4431 0.5365
vn -0.9704 -0.0227 0.2406
vn -0.5462 0.1372 0.8263
vn -0.4720 -0.4280 0.7707
vn -0.2719 -0.9501 -0.1531
vn -0.8383 -0.2490 -0.4851
vn -0.9663 0.0235 -0.2563
vn -0.3161 -0.5735 -0.7557
vn -0.6359 -0.0527 -0.7700
vn -0.0770 -0.5378 0.8395
vn -0.1329 -0.8303 0.5412
vn -0.0316 0.1326 0.9907
vn 0.0051 -0.9998 0.0207
vn 0.0940 -0.8999 0.4259
vn 0.0708 -0.5376 0.8402
vn 0.1629 -0.9860 -0.0352
vn -0.0848 -0.8963 -0.4352
vn -0.1211 -0.1625 -0.9792
vn -0.0057 -0.6272 -0.7788
vn -0.1221 -0.3799 -0.9169
vn 0.0473 -0.8695 -0.4917
vn -0.9508 -0.1374 0.2778
vn -0.3979 -0.2697 0.8769
vn -0.1613 -0.9509 -0.2641
vn -0.0539 0.9946 0.0885
vn -0.0309 -0.0670 0.9973
vn 0.2507 -0.9672 0.0408
vn 0.3008 0.9213 0.2464
vn -0.7402 -0.0563 0.6700
vn -0.6433 0.2087 -0.7366
vn -0.5149 -0.0383 0.8564
vn -0.2257 0.3116 -0.9230
vn -0.6994 -0.7146 0.0127
vn -0.8315 -0.0740 0.5506
vn -0.9469 -0.1451 0.2868
vn -0.4576 -0.7259 0.5135
vn -0.8408 -0.4541 0.2948
vn -0.7461 -0.6510 0.1400
vn -0.2398 0.5766 0.7810
vn 0.0633 -0.6348 0.7701
vn -0.1106 -0.3673 0.9235
vn 0.0735 0.0455 0.9963
vn 0.0108 -0.8471 0.5314
vn -0.3779 -0.1611 0.9117
vn -0.0572 -0.9980 0.0279
vn -0.3276 -0.7596 0.5619
vn -0.6091 -0.5626 0.5590
vn -0.6573 0.2520 0.7103
vn -0.1657 -0.9625 0.2150
vn -0.0299 -0.8895 0.4559
vn -0.0257 -0.9990 0.0374
vn -0.2627 -0.8172 -0.5130
vn 0.3981 -0.8726 -0.2831
vn -0.6794 -0.0274 -0.7332
vn -0.6867 -0.6865 -0.2393
vn -0.8471 -0.5057 -0.1633
vn -0.9980 -0.0466 0.0429
vn -0.3609 -0.9309 -0.0565
vn -0.3871 -0.9133 -0.1265
vn -0.2452 -0.9689 -0.0324
vn -0.8743 -0.4809 0.0658
vn -0.9219 -0.3872 0.0087
vn -0.6331 -0.7740 0.0150
vn -0.3933 -0.9157 0.0820
vn -0.7314 -0.6819 0.0035
vn 0.1011 -0.9948 -0.0082
vn 0.0625 -0.9971 0.0446
vn 0.7448 -0.0845 0.6619
vn -0.9712 -0.2012 0.1277
vn -0.7203 -0.6234 0.3042
vn -0.5077 -0.7821 0.3613
vn 0.1864 -0.9766 0.1077
vn -0.7889 -0.5292 0.3123
vn -0.2858 -0.5355 0.7947
vn -0.3734 -0.9136 0.1612
vn 0.1159 -0.9389 0.3240
vn -0.9385 -0.0845 0.3349
vn -0.9724 -0.2159 -0.0888
vn -0.6597 -0.1634 0.7335
vn -0.6311 -0.1040 0.7687
vn -0.4069 -0.2238 0.8856
vn 0.1735 -0.3848 0.9066
vn 0.8388 -0.4694 0.2757
vn 0.1291 -0.4148 0.9007
vn -0.2555 -0.7171 0.6485
vn 0.2599 -0.5711 0.7787
vn -0.2327 -0.7261 0.6471
vn -0.2481 -0.4230 0.8715
vn -0.7099 -0.6975 -0.0978
vn -0.9217 -0.2750 -0.2737
vn -0.6281 -0.0018 0.7781
vn -0.3883 0.1279 0.9126
vn -0.6860 -0.5450 0.4821
vn -0.6644 -0.1091 0.7394
vn 0.1610 -0.5774 0.8004
vn -0.5065 0.2661 0.8202
vn -0.5773 0.4484 0.6824
vn -0.6736 0.3749 0.6370
vn -0.9916 0.0743 0.1056
vn -0.7593 0.2347 0.6070
vn -0.9821 -0.1014 -0.1590
vn -0.9962 0.0462 0.0732
vn -0.9768 -0.1276 -0.1719
vn -0.8346 -0.2987 -0.4629
vn -0.6633 -0.4460 -0.6010
vn -0.6767 0.3656 0.6391
vn -0.9048 0.2022 0.3749
vn -0.4928 0.4835 0.7235
vn -0.9998 0.0198 -0.0026
vn -0.9855 -0.0729 -0.1534
vn -0.9902 0.0943 0.1030
vn -0.2537 0.6620 0.7053
vn -0.6331 0.4583 0.6238
vn -0.7242 0.3634 0.5861
vn -0.8019 -0.3946 -0.4486
vn -0.2738 -0.8631 -0.4244
vn -0.7737 -0.6315 -0.0511
vn -0.8836 -0.3755 0.2797
vn -0.7572 0.5051 -0.4142
vn -0.8477 -0.1666 -0.5037
vn -0.8770 -0.1923 -0.4404
vn -0.9295 -0.1974 -0.3115
vn -0.6506 -0.3777 -0.6589
vn -0.4798 -0.4226 -0.7689
vn -0.6743 0.1368 -0.7257
vn -0.4341 -0.1463 -0.8889
vn -0.7640 0.2978 0.5724
vn -0.7254 0.3567 0.5887
vn -0.9986 0.0229 0.0481
vn -0.9938 0.0702 0.0858
vn -0.9762 -0.0938 -0.1955
vn -0.9778 -0.1064 -0.1807
vn -0.7620 -0.2942 -0.5769
vn 0.1217 -0.5805 -0.8051
vn -0.6206 0.2399 0.7465
vn -0.6832 0.3880 0.6186
vn -0.7942 0.3483 0.4980
vn -0.9946 0.0650 0.0804
vn -0.8524 0.2017 0.4824
vn -0.1149 0.5032 0.8565
vn -0.1353 0.4050 0.9043
vn 0.1350 -0.6343 -0.7612
vn -0.1291 0.3431 0.9304
vn -0.0891 0.6086 0.7885
vn 0.1103 0.2844 0.9523
vn -0.0666 0.6027 0.7952
vn -0.0031 0.6807 0.7326
vn -0.0245 0.2301 0.9729
vn 0.0207 0.5184 0.8549
vn -0.4731 -0.7860 0.3981
vn -0.1033 -0.9764 0.1897
vn -0.1677 -0.8690 0.4655
vn -0.1101 -0.2069 -0.9721
vn -0.2044 -0.4779 -0.8543
vn -0.1773 0.4933 -0.8516
vn -0.0765 0.8185 -0.5694
vn -0.2248 0.4899 0.8423
vn -0.1045 -0.4903 -0.8653
vn -0.0056 0.5002 0.8659
vn -0.1711 0.5053 0.8458
vn -0.1652 0.5155 0.8408
vn -0.7411 0.3312 0.5841
vn 0.0003 0.2964 0.9551
vn -0.0402 0.4830 0.8747
vn -0.0049 0.7021 0.7120
vn 0.0101 0.7234 0.6904
vn -0.0000 -0.8782 0.4782
vn 0.1557 -0.8390 -0.5213
vn -0.0163 -0.4500 -0.8929
vn 0.0212 0.7587 -0.6511
vn -0.0024 0.3656 0.9308
vn 0.0102 0.6730 0.7395
vn 0.0177 0.2154 0.9764
vn 0.0284 0.3856 0.9222
vn 0.0069 0.6164 0.7874
vn 0.0613 -0.2114 -0.9755
vn 0.0735 0.3856 0.9197
vn -0.0264 0.2454 0.9691
vn -0.0231 0.5120 0.8587
vn 0.0024 0.6734 0.7393
vn 0.0029 0.2274 0.9738
vn 0.0282 0.5644 0.8251
vn 0.1292 -0.9700 0.2060
vn 0.0795 0.3730 -0.9244
vn 0.0028 0.6993 0.7149
vn 0.0419 0.6782 0.7337
vn -0.0087 0.5070 0.8619
vn 0.1101 -0.8565 0.5043
vn 0.0816 0.8394 -0.5373
vn -0.0265 0.4806 0.8765
vn 0.0001 0.4001 0.9165
vn 0.0426 0.2096 0.9769
vn 0.0128 0.4767 0.8790
vn 0.0051 0.6601 0.7512
vn 0.0457 0.8300 0.5558
vn 0.1706 0.0968 0.9806
vn 0.0304 0.4997 0.8657
vn 0.2472 0.5097 0.8241
vn 0.7174 -0.6250 0.3077
vn 0.6500 -0.6688 0.3608
vn 0.5671 0.6750 -0.4720
vn 0.6094 -0.7059 -0.3611
vn 0.2610 -0.4828 -0.8359
vn 0.6032 0.0645 -0.7950
vn 0.3454 -0.2717 -0.8983
vn 0.0438 -0.5085 -0.8599
vn 0.9982 0.0034 0.0593
vn 0.2229 0.5093 0.8312
vn 0.6965 0.3849 0.6056
vn 0.6719 0.3394 0.6583
vn 0.5028 0.2157 0.8371
vn 0.9777 0.1270 0.1674
vn 0.9840 0.0569 0.1686
vn 0.5464 -0.4155 -0.7272
vn 0.4508 -0.6031 -0.6581
vn 0.9164 -0.0869 0.3908
vn 0.5310 -0.2912 0.7957
vn 0.9651 -0.2520 0.0718
vn 0.5917 -0.7182 0.3663
vn 0.9266 -0.3159 -0.2039
vn 0.5872 -0.7799 -0.2167
vn 0.2637 -0.7706 -0.5802
vn 0.1250 -0.4584 0.8799
vn 0.1521 -0.9261 0.3452
vn 0.1167 -0.9423 -0.3139
vn -0.0026 -0.9975 -0.0702
vn 0.0506 0.1391 0.9890
vn 0.2280 0.8221 0.5216
vn 0.5473 0.8210 0.1626
vn 0.6025 0.6957 -0.3912
vn 0.1053 0.9622 0.2513
vn 0.1092 0.9642 -0.2415
vn 0.2897 0.5400 0.7903
vn 0.7247 0.3545 0.5909
vn 0.7295 0.4357 0.5273
vn 0.4225 -0.4470 -0.7884
vn 0.9886 -0.0198 -0.1495
vn 0.9758 0.1953 -0.0987
vn 0.9895 -0.1395 0.0392
vn 0.0688 -0.6709 -0.7384
vn 0.3241 -0.2574 -0.9104
vn 0.7425 -0.1497 -0.6529
vn 0.3758 0.0118 -0.9266
vn 0.6066 0.4206 -0.6747
vn 0.9330 0.2448 -0.2637
vn 0.8744 -0.2233 -0.4307
vn 0.0360 -0.2930 -0.9554
vn 0.1353 0.7793 -0.6119
vn 0.0656 0.1502 -0.9865
vn 0.1175 0.5056 -0.8548
vn 0.6773 -0.3857 -0.6265
vn 0.7431 0.3854 0.5471
vn 0.9604 0.2773 -0.0279
vn 0.9901 0.0846 0.1117
vn -0.3229 0.0029 0.9464
vn 0.9349 0.1423 0.3250
vn 0.9920 -0.0666 -0.1073
vn 0.9726 -0.1155 -0.2019
vn 0.9669 -0.1510 -0.2055
vn 0.6012 0.3527 0.7170
vn 0.8009 0.2873 0.5254
vn 0.6370 0.4104 0.6526
vn 0.9963 0.0393 0.0758
vn 0.9264 0.1632 0.3394
vn 0.5949 0.3483 0.7244
vn 0.0086 -0.9982 0.0592
vn 0.0049 -0.9951 0.0992
vn 0.0034 -0.9834 -0.1815
vn -0.0086 -0.9119 -0.4102
vn 0.0070 -0.8240 -0.5665
vn -0.0901 -0.4511 0.8879
vn -0.1915 -0.8287 0.5260
vn -0.0001 -1.0000 -0.0034
vn 0.0103 0.9986 -0.0522
vn -0.0003 0.9733 -0.2295
vn 0.0001 0.9417 0.3364
vn -0.0007 0.9975 0.0707
vn -0.0275 0.5841 0.8112
vn 0.0004 -0.9104 -0.4138
vn -0.0323 -0.6018 -0.7980
vn -0.0550 -0.1405 -0.9886
vn -0.1957 0.7809 -0.5932
vn -0.0028 0.1849 -0.9828
vn -0.9617 0.2706 0.0444
vn -0.8344 0.1366 0.5340
vn -0.2777 0.9558 0.0961
vn -0.7728 0.2651 -0.5766
vn -0.1510 0.8547 -0.4966
vn -0.2785 0.5911 -0.7570
vn -0.0248 -0.9723 0.2323
vn -0.0241 -0.0532 0.9983
vn -0.0687 -0.8958 -0.4392
vn -0.1996 0.6446 0.7380
vn -0.1422 0.8170 0.5588
vn 0.0799 0.9968 -0.0029
vn -0.0127 0.6531 0.7571
vn 0.0750 0.9462 0.3147
vn 0.0947 0.6414 0.7614
vn -0.3351 0.2763 -0.9008
vn -0.0320 0.8416 -0.5392
vn -0.0428 0.5975 -0.8007
vn 0.0426 0.9757 -0.2151
vn -0.0425 0.1678 -0.9849
vn -0.0810 0.3088 -0.9477
vn -0.1020 0.8384 -0.5354
vn -0.0448 -0.9898 -0.1349
vn -0.2368 -0.9713 0.0238
vn -0.0267 0.8710 0.4905
vn -0.6227 0.7390 -0.2572
vn -0.6883 0.6969 0.2013
vn -0.7501 0.3187 0.5795
vn -0.4936 0.7079 0.5053
vn -0.6640 0.7477 0.0041
vn -0.3616 0.3229 0.8746
vn 0.2367 0.9686 0.0761
vn 0.0916 0.4766 0.8743
vn -0.0670 0.9029 0.4246
vn -0.0383 0.9981 -0.0492
vn -0.3634 0.5433 0.7568
vn -0.1493 0.8484 0.5078
vn -0.1807 0.9773 0.1108
vn -0.1704 0.6656 0.7266
vn 0.2817 0.4538 0.8454
vn -0.2555 0.8268 -0.5012
vn 0.1749 0.9523 -0.2502
vn -0.7575 0.6069 -0.2406
vn -0.9439 0.2211 -0.2452
vn -0.7389 0.6728 -0.0384
vn -0.4228 0.9035 -0.0703
vn -0.2700 0.9578 -0.0987
vn 0.0655 0.9965 -0.0527
vn -0.7567 0.6469 0.0946
vn -0.9947 0.0732 0.0717
vn -0.8904 0.4498 0.0697
vn -0.9990 0.0230 0.0372
vn -0.5182 0.7772 0.3571
vn -0.1243 0.9922 0.0001
vn -0.2357 0.9640 0.1235
vn 0.0403 0.9356 0.3508
vn -0.5815 -0.7675 -0.2698
vn -0.4283 -0.4097 0.8055
vn -0.8261 -0.5107 0.2382
vn -0.9006 0.1921 0.3898
vn -0.4215 0.2118 0.8818
vn -0.9959 0.0712 0.0560
vn -0.9965 -0.0366 0.0745
vn -0.9941 0.0609 -0.0896
vn -0.1357 -0.1053 0.9851
vn -0.0994 0.5280 0.8434
vn 0.0094 -0.0258 0.9996
vn -0.0374 -0.1193 0.9922
vn -0.0535 -0.7676 -0.6387
vn 0.0395 0.9157 0.3999
vn -0.1317 0.9610 -0.2431
vn -0.2591 -0.4588 -0.8499
vn -0.5089 0.5185 0.6872
vn -0.7553 -0.1441 -0.6394
vn -0.7165 0.6431 -0.2703
vn -0.3359 -0.0764 -0.9388
vn -0.1140 0.9358 0.3336
vn -0.0878 0.9845 -0.1520
vn -0.0392 -0.0005 -0.9992
vn -0.1053 0.9671 0.2318
vn -0.4085 0.9128 0.0010
vn 0.0062 0.7839 -0.6209
vn -0.2035 0.9516 0.2304
vn 0.0453 -0.0681 -0.9967
vn -0.8519 -0.4450 0.2761
vn -0.7723 -0.5425 0.3304
vn -0.8328 -0.4813 0.2735
vn -0.8472 0.4483 -0.2850
vn -0.7862 -0.5310 0.3161
vn -0.8062 -0.5327 0.2576
vn -0.8557 0.4430 -0.2675
vn -0.8197 0.4516 -0.3523
vn -0.6712 -0.7412 0.0062
vn -0.6820 0.1900 -0.7062
vn -0.2017 -0.8425 0.4996
vn -0.2436 0.8268 -0.5070
vn -0.1488 -0.8915 0.4279
vn -0.1238 0.8302 -0.5435
vn -0.2795 -0.7649 -0.5804
vn -0.0174 -0.4845 -0.8746
vn -0.0986 0.5580 -0.8240
vn -0.0703 -0.9961 -0.0525
vn 0.1493 -0.2902 -0.9452
vn 0.0759 -0.8821 0.4649
vn 0.0543 -0.9781 -0.2009
vn 0.0902 -0.8556 0.5097
vn 0.2490 -0.9685 -0.0062
vn 0.7165 -0.5822 0.3844
vn 0.8306 -0.4775 0.2865
vn 0.3813 0.7963 -0.4696
vn 0.1467 0.6705 -0.7272
vn 0.7141 -0.6097 0.3440
vn 0.6984 -0.6020 0.3871
vn 0.6560 -0.6604 0.3654
vn 0.6944 0.6140 -0.3752
vn 0.8458 0.4344 -0.3098
vn 0.6676 -0.0977 -0.7381
vn 0.7806 -0.6251 0.0002
vn 0.9928 -0.1193 0.0134
vn 0.9636 0.2467 -0.1028
vn 0.9900 -0.1244 0.0671
vn 0.9630 0.2125 -0.1657
vn -0.6741 -0.3778 0.6347
vn -0.9493 -0.3137 -0.0209
vn -0.7744 -0.5981 -0.2063
vn -0.5878 -0.2940 -0.7537
vn -0.1061 -0.5897 0.8007
vn -0.5259 -0.8396 0.1363
vn -0.1403 -0.9845 0.1047
vn -0.1726 -0.9807 -0.0920
vn -0.0962 -0.9578 0.2709
vn -0.0137 -0.9996 0.0266
vn -0.0145 -0.9995 -0.0294
vn -0.1038 -0.8657 -0.4896
vn -0.1033 -0.5410 0.8347
vn -0.0347 -0.9871 0.1563
vn -0.0416 -0.9991 -0.0123
vn -0.0243 -0.9376 -0.3470
vn -0.1592 -0.3926 -0.9058
vn -0.6458 -0.6276 -0.4349
vn -0.4551 0.1153 -0.8829
vn -0.7882 -0.4389 -0.4314
vn -0.5104 -0.8433 -0.1681
vn -0.5602 -0.6595 -0.5012
vn -0.6832 0.0557 -0.7281
vn -0.4844 -0.2997 -0.8219
vn -0.3357 0.1616 -0.9280
vn -0.7424 -0.5225 -0.4192
vn -0.3214 -0.8999 -0.2947
vn -0.2658 -0.4174 -0.8690
vn 0.0800 -0.9109 -0.4049
vn -0.9429 -0.1610 -0.2915
vn -0.7119 -0.1506 -0.6859
vn -0.7161 -0.1126 -0.6889
vn -0.6020 -0.2246 -0.7662
vn -0.2582 -0.0915 -0.9617
vn 0.0973 -0.1878 -0.9774
vn 0.1140 -0.6551 -0.7469
vn -0.0660 -0.4483 -0.8914
vn 0.0046 -0.2220 -0.9750
vn -0.0259 -0.7455 -0.6660
vn -0.5339 -0.1940 -0.8230
vn -0.5187 -0.4845 -0.7044
vn -0.7784 -0.6082 -0.1559
vn -0.6074 -0.4416 -0.6604
vn -0.2496 -0.6121 -0.7503
vn 0.0392 -0.6670 -0.7440
vn 0.0842 -0.3757 -0.9229
vn -0.7695 -0.4361 0.4666
vn -0.7871 0.1172 0.6056
vn -0.9929 -0.0916 -0.0757
vn -0.6846 -0.6767 -0.2711
vn -0.4277 -0.0337 0.9033
vn -0.6618 -0.1553 -0.7334
vn 0.1172 -0.4877 0.8651
vn -0.0627 -0.9863 0.1527
vn -0.9136 0.0406 0.4045
vn -0.9926 0.0994 -0.0691
vn -0.7961 -0.0558 -0.6026
vn -0.9453 -0.2227 -0.2382
vn -0.6398 -0.4972 -0.5861
vn -0.4319 -0.5348 0.7263
vn 0.1670 0.1108 0.9797
vn -0.0608 0.1863 0.9806
vn -0.2912 -0.6423 -0.7090
vn -0.9339 -0.3546 0.0447
vn -0.8773 -0.4773 -0.0509
vn -0.7697 -0.6384 -0.0028
vn -0.3653 -0.4364 -0.8223
vn -0.6946 -0.6532 -0.3013
vn 0.1372 -0.1365 -0.9811
vn 0.0639 -0.9625 -0.2636
vn -0.0475 -0.9965 -0.0691
vn -0.8599 -0.5056 0.0698
vn -0.5669 -0.8232 0.0306
vn -0.6861 -0.6846 -0.2461
vn -0.1545 -0.9846 -0.0823
vn 0.1577 -0.9874 0.0154
vn -0.1199 -0.9902 0.0712
vn -0.2272 -0.8204 0.5248
vn -0.9434 -0.1067 0.3139
vn -0.6834 -0.4693 0.5592
vn -0.6787 -0.6406 -0.3593
vn -0.6412 -0.2159 0.7364
vn -0.7614 -0.5197 0.3876
vn 0.0951 -0.9278 -0.3607
vn -0.3011 -0.7017 -0.6457
vn -0.1323 -0.9813 0.1401
vn -0.1235 -0.9918 0.0333
vn -0.1625 -0.9864 -0.0244
vn -0.6128 -0.0268 -0.7898
vn -0.8837 -0.2701 -0.3824
vn -0.4606 -0.8537 -0.2430
vn -0.0306 -0.9986 0.0429
vn -0.1731 -0.3504 -0.9205
vn 0.0936 -0.9482 -0.3037
vn -0.1513 -0.9880 -0.0313
vn -0.2328 -0.9642 -0.1272
vn -0.4828 -0.7216 -0.4963
vn -0.4682 -0.8814 -0.0621
vn -0.2389 -0.9595 0.1495
vn -0.1939 -0.9711 0.1390
vn -0.0072 -0.9654 0.2605
vn -0.8530 -0.4488 -0.2664
vn -0.8664 -0.2974 -0.4011
vn -0.4953 -0.8661 -0.0677
vn -0.4814 -0.8108 -0.3329
vn -0.0173 -0.9972 -0.0728
vn 0.0353 -0.9890 -0.1436
vn 0.1595 -0.8428 -0.5140
vn -0.2986 -0.3769 -0.8768
vn -0.8370 0.4684 -0.2829
vn -0.2913 -0.8468 0.4450
vn -0.8651 0.4397 -0.2415
vn -0.7986 0.5240 -0.2961
vn -0.5960 -0.3837 -0.7054
vn -0.6476 -0.3861 -0.6569
vn -0.9658 -0.1205 -0.2297
vn -0.9869 -0.0906 -0.1331
vn -0.6358 -0.3882 -0.6672
vn -0.8213 -0.2902 -0.4913
vn -0.6493 -0.3945 -0.6502
vn -0.2310 -0.4791 -0.8468
vn -0.6557 -0.3816 -0.6514
vn -0.7350 0.3219 0.5968
vn -0.7425 0.3298 0.5830
vn -0.9961 -0.0629 -0.0613
vn -0.9929 0.0262 0.1164
vn -0.9280 0.1518 0.3402
vn -0.9989 0.0244 0.0408
vn -0.9916 0.0631 0.1131
vn -0.7868 -0.2966 -0.5413
vn -0.9576 -0.1921 -0.2146
vn -0.5161 0.4165 0.7484
vn -0.6901 0.3980 0.6045
vn -0.7166 0.3820 0.5836
vn -0.9847 0.1254 0.1211
vn -0.7570 0.2924 0.5844
vn -0.8693 0.4208 -0.2593
vn -0.9872 -0.0851 -0.1352
vn -0.6567 -0.3770 -0.6532
vn -0.7214 -0.3438 -0.6012
vn -0.6380 -0.3677 -0.6766
vn -0.9985 0.0383 0.0401
vn -0.9776 -0.0985 -0.1861
vn -0.9901 0.0780 0.1164
vn -0.9582 -0.1317 -0.2541
vn -0.9817 -0.0950 -0.1652
vn -0.6431 -0.3938 -0.6568
vn -0.6333 -0.3720 -0.6786
vn -0.6494 0.3710 0.6638
vn -0.7956 0.3814 0.4707
vn -0.5302 0.3239 0.7836
vn -0.8978 0.3033 0.3193
vn -0.9979 0.0073 0.0640
vn -0.2702 0.5164 0.8126
vn -0.8223 0.3150 0.4740
vn -0.6827 0.3199 0.6569
vn -0.9636 -0.1407 -0.2274
vn -0.9716 -0.1059 -0.2118
vn -0.6470 -0.4026 -0.6475
vn -0.8691 -0.1817 -0.4601
vn -0.7175 -0.3357 -0.6103
vn 0.3706 -0.4590 -0.8074
vn -0.4188 -0.4914 -0.7636
vn -0.4969 -0.3936 -0.7734
vn -0.7260 0.3322 0.6022
vn -0.7075 -0.3751 -0.5989
vn -0.9866 -0.0916 -0.1347
vn -0.9249 0.1640 0.3429
vn -0.5225 0.4439 0.7280
vn -0.7378 0.3583 0.5720
vn -0.9964 0.0366 0.0764
vn -0.7245 0.3785 0.5761
vn -0.9845 0.1232 0.1245
vn -0.8025 0.2633 0.5355
vn -0.7094 0.3661 0.6023
vn -0.6783 -0.3971 -0.6182
vn -0.7647 -0.3259 -0.5559
vn -0.9981 0.0449 0.0411
vn -0.9407 -0.1589 -0.2997
vn -0.9481 -0.1471 -0.2819
vn -0.6324 -0.3828 -0.6735
vn -0.5130 -0.4116 -0.7532
vn -0.5676 -0.4093 -0.7144
vn -0.9953 0.0946 0.0181
vn -0.6742 0.4772 0.5637
vn -0.6159 0.7815 0.1000
vn -0.8593 -0.1147 -0.4984
vn -0.5173 0.7576 -0.3980
vn -0.5803 0.3655 -0.7278
vn -0.7158 -0.3873 -0.5811
vn -0.2626 -0.2717 -0.9258
vn -0.2394 0.8362 -0.4933
vn -0.2388 0.8300 -0.5040
vn -0.1904 0.8403 -0.5076
vn -0.2193 -0.8345 0.5054
vn -0.9998 -0.0033 0.0205
vn 0.9983 -0.0287 0.0511
vn -0.9669 -0.1992 0.1597
vn -0.1743 0.4896 0.8543
vn -0.2056 0.4872 0.8488
vn -0.1336 0.5046 0.8529
vn -0.1675 0.4823 0.8598
vn -0.1422 -0.4942 -0.8576
vn -0.1478 -0.4959 -0.8557
vn 0.9974 0.0474 -0.0543
vn -0.1502 -0.4949 -0.8559
vn -0.1392 0.4914 0.8597
vn -0.1426 0.4866 0.8619
vn -0.1137 -0.4837 -0.8678
vn -0.1533 -0.5097 -0.8466
vn 0.0055 -0.4899 -0.8718
vn -0.1548 0.4941 0.8555
vn -0.1820 0.4974 0.8482
vn -0.0753 0.5178 0.8521
vn 0.0044 -0.5008 -0.8656
vn -0.1431 -0.4896 -0.8601
vn -0.0806 0.7480 0.6587
vn -0.0878 0.9928 -0.0815
vn -0.1219 0.5856 -0.8014
vn -0.1293 0.8590 -0.4953
vn -0.0257 -0.4579 -0.8886
vn 0.0739 0.8001 -0.5953
vn -0.2862 0.0392 -0.9574
vn 0.1118 0.9931 0.0360
vn 0.0647 0.1827 -0.9810
vn -0.0007 -0.8584 0.5130
vn 0.0725 0.6923 0.7179
vn 0.9969 -0.0550 0.0571
vn 0.2056 -0.8401 0.5019
vn 0.3667 0.8108 -0.4563
vn 0.3167 0.8276 -0.4635
vn 0.5864 0.6832 -0.4352
vn 0.7384 -0.5761 0.3505
vn 0.8739 0.4302 -0.2262
vn 0.1847 -0.4827 -0.8561
vn 0.2093 -0.4970 -0.8421
vn 0.3679 -0.4641 -0.8058
vn 0.0857 -0.4904 -0.8673
vn 0.0348 0.5010 0.8648
vn 0.1665 0.4866 0.8576
vn 0.2024 0.4814 0.8528
vn 0.2581 -0.4723 -0.8428
vn 0.2826 -0.4766 -0.8324
vn 0.0323 0.5019 0.8643
vn 0.2386 0.4853 0.8412
vn 0.2175 0.4744 0.8530
vn -0.4640 0.4519 0.7619
vn 0.2380 0.4970 0.8345
vn 0.0974 -0.4998 -0.8607
vn 0.2829 -0.8008 0.5279
vn 0.3905 -0.4744 -0.7890
vn 0.3019 0.4740 0.8272
vn 0.6312 -0.3679 -0.6828
vn 0.0982 -0.3943 -0.9137
vn 0.3011 -0.4892 -0.8186
vn 0.9372 0.2434 -0.2499
vn 0.9010 -0.3543 0.2505
vn 0.9471 0.2884 -0.1411
vn 0.6268 -0.4066 -0.6646
vn 0.6165 -0.3152 -0.7215
vn 0.5403 -0.3840 -0.7487
vn 0.6582 -0.3716 -0.6548
vn 0.7746 -0.3244 -0.5430
vn 0.9988 -0.0404 -0.0281
vn 0.9967 -0.0348 -0.0731
vn 0.9962 -0.0567 -0.0655
vn 0.6600 -0.4221 -0.6215
vn 0.6997 0.3647 0.6143
vn 0.7944 0.2861 0.5358
vn 0.6481 0.3512 0.6757
vn 0.9955 0.0301 0.0895
vn 0.9805 0.1131 0.1610
vn 0.9994 -0.0028 -0.0358
vn 0.9544 -0.1216 -0.2727
vn 0.9268 -0.2146 -0.3081
vn 0.9885 0.0526 0.1414
vn 0.6656 0.3953 0.6330
vn 0.7684 0.2889 0.5711
vn 0.7433 0.3155 0.5899
vn 0.9791 0.1148 0.1677
vn 0.7889 0.5206 -0.3264
vn 0.3349 -0.5153 -0.7889
vn 0.7358 -0.3662 -0.5696
vn 0.6601 -0.3036 -0.6871
vn 0.6843 -0.4392 -0.5821
vn 0.9977 -0.0521 -0.0425
vn 0.6316 -0.3661 -0.6834
vn 0.6377 -0.3650 -0.6784
vn 0.6580 -0.3965 -0.6401
vn 1.0000 0.0013 0.0072
vn 0.9811 -0.0884 -0.1724
vn 0.9991 0.0299 0.0300
vn 0.9837 -0.0841 -0.1591
vn 0.9847 -0.0871 -0.1512
vn 0.7096 0.3398 0.6173
vn 0.8189 0.2968 0.4913
vn 0.8152 0.2728 0.5110
vn 0.9878 0.0799 0.1333
vn 0.9966 0.0459 0.0689
vn 0.8969 -0.1817 -0.4032
vn 0.9868 -0.0645 -0.1486
vn 0.9841 0.1171 0.1332
vn 0.7133 0.3602 0.6012
vn 0.8135 0.2706 0.5148
vn 0.7456 0.3069 0.5915
vn 0.6487 -0.3831 -0.6576
vn 0.5651 -0.3703 -0.7373
vn 0.8399 -0.2925 -0.4571
vn 0.9943 -0.0619 -0.0863
vn 0.9300 -0.1713 -0.3252
vn 0.8095 -0.3065 -0.5008
vn 0.9905 0.0397 0.1315
vn 0.7391 0.3700 0.5628
vn 0.9069 0.1966 0.3728
vn 0.9999 0.0047 0.0166
vn 0.9802 -0.0873 -0.1778
vn 0.6059 0.3742 0.7020
vn 0.8389 0.2680 0.4738
vn 0.8514 0.2617 0.4546
vn 0.9974 0.0306 0.0657
vn 0.9778 -0.0987 -0.1851
vn 0.9998 0.0033 -0.0205
vn 0.9606 0.1547 0.2309
vn 0.5363 0.4445 0.7175
vn 0.6522 0.3935 0.6479
vn 0.6523 -0.3773 -0.6574
vn 0.5850 -0.4354 -0.6842
vn 0.6833 -0.3486 -0.6415
vn 0.8556 -0.2641 -0.4452
vn 0.9885 -0.0750 -0.1314
vn 0.4532 0.6084 0.6515
vn 0.6411 -0.3459 -0.6851
vn 0.6279 -0.3796 -0.6795
vn 0.5941 0.6591 -0.4612
vn 0.6622 0.7465 0.0644
vn 0.7806 0.5648 -0.2677
vn 0.9936 0.0473 0.1028
vn 0.9706 0.1788 0.1612
vn 0.9875 0.0331 -0.1538
vn 0.9670 -0.0960 -0.2361
vn 0.5586 0.1526 -0.8152
vn -0.5551 0.5370 0.6351
vn -0.7914 0.6112 -0.0093
vn -0.6153 0.5580 -0.5569
vn -0.0272 0.8371 0.5463
vn -0.1659 0.9847 0.0536
vn -0.0126 0.9995 0.0282
vn -0.0734 0.9966 -0.0362
vn -0.0780 0.9750 -0.2082
vn -0.2008 0.7418 -0.6399
vn -0.6847 0.5305 -0.4998
vn -0.5235 0.7701 -0.3646
vn -0.3857 0.6059 -0.6958
vn -0.4044 0.3472 -0.8461
vn -0.2237 0.6855 0.6928
vn -0.0220 0.9996 0.0196
vn 0.0087 0.9882 0.1531
vn -0.0374 0.9958 -0.0840
vn -0.0094 0.8744 -0.4852
vn -0.3257 0.5587 -0.7627
vn -0.1680 0.8892 -0.4256
vn -0.7221 0.1961 -0.6634
vn -0.4177 0.8506 -0.3194
vn -0.4555 0.7894 -0.4115
vn -0.7485 0.5142 -0.4187
vn -0.0259 0.8717 -0.4894
vn -0.0187 0.9505 -0.3101
vn -0.0388 0.9694 -0.2422
vn -0.8805 0.3552 0.3138
vn -0.9760 -0.0046 0.2178
vn -0.5550 0.8305 -0.0475
vn -0.1442 0.9377 0.3160
vn -0.7917 0.4867 0.3691
vn 0.2923 0.9551 -0.0487
vn -0.9654 0.1615 0.2049
vn -0.6829 0.6934 0.2299
vn -0.8092 0.5810 -0.0868
vn -0.9989 -0.0458 -0.0015
vn -0.9660 0.2497 0.0671
vn -0.0335 0.9151 0.4017
vn -0.2706 0.9619 -0.0389
vn -0.2454 0.9567 -0.1564
vn 0.1205 0.9912 0.0549
vn -0.6197 0.7756 0.1201
vn -0.9959 0.0094 0.0900
vn -0.7482 0.6634 0.0025
vn -0.9835 -0.1801 0.0151
vn -0.9749 0.2144 -0.0602
vn -0.8332 0.4555 -0.3135
vn -0.2870 0.9457 0.1524
vn -0.5223 0.8524 -0.0257
vn -0.2359 0.9610 -0.1440
vn -0.7731 -0.1104 -0.6246
vn -0.8998 0.2876 -0.3280
vn -0.7614 0.5293 0.3743
vn -0.3693 0.7827 -0.5011
vn -0.1227 0.9695 0.2122
vn 0.1266 0.9193 -0.3726
vn -0.1428 0.9873 0.0701
vn -0.1040 0.9945 0.0150
vn -0.2252 0.9726 0.0570
vn -0.1255 0.9888 0.0808
vn -0.2093 0.9776 -0.0227
vn 0.0682 0.9820 0.1762
vn 0.0016 0.9957 0.0930
vn -0.2366 0.9706 -0.0449
vn -0.5616 0.8026 -0.2013
vn -0.3862 0.9165 0.1039
vn -0.4262 0.9042 0.0289
vn -0.2667 0.9368 0.2262
vn -0.0353 0.9698 0.2415
vn 0.0028 0.9935 0.1134
vn -0.6340 0.1024 -0.7666
vn -0.9090 0.3799 -0.1712
vn -0.9869 0.1406 -0.0787
vn -0.7850 0.3668 -0.4992
vn -0.6248 0.7743 -0.1009
vn -0.4951 0.8445 -0.2045
vn 0.0030 0.9998 -0.0181
vn -0.0136 0.7090 -0.7051
vn -0.1667 0.1124 -0.9796
vn 0.5437 -0.5856 0.6012
vn 0.1196 -0.9623 0.2442
vn 0.6537 -0.0170 0.7565
vn 0.2742 -0.8142 0.5118
vn 0.2909 -0.5000 0.8157
vn 0.0550 -0.9886 0.1403
vn 0.0810 0.0305 0.9962
vn 0.0264 -0.7136 0.7001
vn -0.0592 -0.9274 0.3693
vn -0.0308 -0.5252 0.8504
vn -0.0243 -0.9992 -0.0303
vn 0.0119 -0.0327 0.9994
vn 0.1614 -0.9832 -0.0851
vn 0.1998 -0.9790 -0.0408
vn 0.1146 -0.9547 -0.2745
vn 0.4816 -0.8642 -0.1457
vn 0.4870 -0.8370 -0.2496
vn 0.6678 -0.6134 -0.4217
vn 0.8203 -0.5635 -0.0974
vn -0.0844 -0.9853 -0.1483
vn 0.7244 0.0031 -0.6894
vn 0.0846 -0.7292 -0.6790
vn 0.0001 -0.9006 -0.4347
vn 0.0754 -0.3040 -0.9497
vn 0.4535 -0.8857 0.0995
vn 0.7000 -0.7131 0.0381
vn 0.4368 -0.8995 0.0088
vn 0.9937 -0.0180 -0.1103
vn 0.8684 -0.4929 0.0552
vn 0.9972 0.0520 0.0541
vn 0.9469 -0.3021 0.1102
vn 0.9121 -0.3877 0.1335
vn 0.5574 -0.8202 0.1289
vn 0.9993 -0.0157 0.0338
vn 0.6127 -0.5195 0.5956
vn 0.6063 -0.7946 0.0322
vn 0.0961 -0.0889 0.9914
vn 0.5486 -0.0390 0.8352
vn 0.5810 -0.2070 0.7871
vn 0.8619 0.0036 0.5071
vn 0.8874 -0.2197 0.4052
vn 0.9911 -0.0116 0.1325
vn 0.9150 -0.3770 -0.1434
vn 0.5733 -0.7150 0.4002
vn 0.8323 -0.4092 0.3740
vn 0.8535 -0.1597 0.4960
vn 0.6594 -0.6601 0.3597
vn 0.9886 0.1138 -0.0988
vn 0.9526 0.0406 0.3016
vn -0.0298 -0.8484 0.5285
vn -0.0647 -0.9974 -0.0328
vn 0.2600 -0.1874 0.9473
vn 0.0034 -0.7883 0.6153
vn -0.0227 -0.6250 0.7803
vn 0.1845 -0.3693 0.9108
vn -0.0021 -0.9998 0.0197
vn 0.1080 -0.8543 0.5084
vn 0.0016 -0.1901 0.9818
vn 0.0071 -0.6683 -0.7439
vn 0.0047 -0.9141 -0.4055
vn 0.0416 -0.4881 -0.8718
vn 0.3253 -0.6966 -0.6395
vn -0.0963 -0.4662 0.8794
vn -0.2618 -0.8530 0.4515
vn 0.0563 -0.2052 0.9771
vn -0.3580 -0.8869 0.2922
vn -0.1030 -0.6200 0.7778
vn 0.0424 -0.9976 0.0540
vn 0.2276 -0.6597 0.7162
vn 0.3568 -0.2832 0.8902
vn 0.5584 -0.8285 0.0412
vn 0.0804 -0.9910 -0.1068
vn 0.4075 -0.8982 0.1651
vn 0.3047 -0.1931 -0.9326
vn 0.5104 -0.6678 0.5418
vn 0.5690 -0.3834 0.7274
vn 0.4787 -0.8711 0.1098
vn 0.5555 -0.0797 0.8277
vn 0.7495 -0.6579 -0.0739
vn 0.9794 0.2008 -0.0217
vn 0.5622 -0.4838 0.6707
vn 0.5136 -0.1801 0.8389
vn 0.9301 -0.3244 0.1725
vn 0.7530 -0.5130 -0.4120
vn 0.9946 -0.0687 0.0778
vn 0.8408 -0.1451 -0.5215
vn 0.7340 -0.1133 -0.6696
vn 0.9639 0.1269 -0.2342
vn -0.6241 -0.3390 0.7040
vn -0.7019 -0.6387 0.3151
vn -0.9573 0.0446 0.2855
vn -0.5753 0.3036 0.7595
vn -0.6759 0.3719 0.6363
vn -0.9957 0.0505 0.0783
vn -0.9078 0.2348 0.3476
vn -0.6537 0.3715 0.6593
vn -0.4438 -0.8771 -0.1838
vn -0.9390 -0.3146 -0.1394
vn -0.5079 -0.5317 -0.6777
vn -0.9259 -0.2055 -0.3169
vn -0.7913 -0.2807 -0.5431
vn -0.9971 -0.0190 -0.0730
vn -0.9997 0.0200 0.0111
vn -0.9745 0.0593 0.2165
vn -0.8249 -0.2714 -0.4958
vn -0.7130 -0.3693 -0.5960
vn -0.9380 -0.1932 -0.2876
vn -0.9401 -0.1918 -0.2818
vn -0.6002 0.3607 0.7139
vn -0.8132 0.3089 0.4933
vn -0.7707 0.3106 0.5563
vn -0.9976 0.0155 0.0680
vn -0.9956 0.0352 0.0864
vn -0.9409 0.1872 0.2822
vn -0.9957 0.0681 0.0630
vn -0.4660 0.4493 0.7622
vn -0.8519 0.2905 0.4357
vn -0.7392 0.3365 0.5833
vn -0.4074 -0.4990 -0.7649
vn -0.9630 -0.1330 -0.2344
vn -0.6869 -0.3872 -0.6151
vn -0.9644 -0.1257 -0.2325
vn -0.6605 -0.3687 -0.6540
vn -0.8712 -0.2182 -0.4398
vn -0.2800 -0.4471 -0.8496
vn -0.6424 0.3697 0.6712
vn -0.9985 0.0472 0.0272
vn -0.9563 0.0824 0.2804
vn -0.9991 -0.0385 -0.0171
vn -0.9997 0.0222 0.0050
vn -0.9231 0.2129 0.3203
vn -0.9019 -0.2343 -0.3630
vn -1.0000 -0.0012 -0.0082
vn -0.5886 -0.3727 -0.7174
vn -0.8353 -0.2762 -0.4753
vn -0.3832 -0.4594 -0.8013
vn -0.6723 0.4003 0.6227
vn -0.6645 0.3844 0.6409
vn -0.9846 0.0796 0.1555
vn -0.6806 0.3596 0.6383
vn -0.9941 0.0596 0.0910
vn -0.8033 0.2982 0.5155
vn -0.6699 0.3884 0.6327
vn -0.9021 -0.2376 -0.3602
vn -0.3949 -0.4600 -0.7953
vn -0.9676 -0.1340 -0.2139
vn -0.9878 0.0818 0.1323
vn -0.7065 -0.3514 -0.6143
vn -0.9404 -0.1558 -0.3024
vn -0.9491 -0.1743 -0.2624
vn -0.4968 -0.4155 -0.7620
vn -0.2377 -0.4913 -0.8379
vn -0.7999 -0.2870 -0.5271
vn -0.4425 0.4935 0.7488
vn -0.9942 0.0433 0.0983
vn -0.7052 0.3388 0.6228
vn -0.9900 0.0667 0.1239
vn -0.9234 0.1754 0.3413
vn -0.9744 -0.1089 -0.1964
vn -0.9581 -0.1376 -0.2513
vn -0.9985 0.0232 0.0494
vn -0.9804 0.1214 0.1552
vn -0.9550 -0.1512 -0.2551
vn -0.5023 0.4203 0.7557
vn -0.8823 0.2619 0.3911
vn -0.7312 0.3044 0.6105
vn -0.6181 0.3957 0.6793
vn -0.5742 -0.4089 -0.7093
vn 0.4180 -0.4195 -0.8058
vn -0.7396 -0.3292 -0.5871
vn -0.9995 0.0152 -0.0287
vn -0.9514 0.0724 0.2993
vn -0.9779 -0.1049 -0.1809
vn -0.9988 -0.0493 0.0018
vn -0.9910 0.0798 0.1071
vn -0.8263 -0.2554 -0.5021
vn -0.8971 -0.2568 -0.3595
vn -0.9648 -0.0982 -0.2440
vn -0.3953 -0.3698 -0.8409
vn -0.8224 -0.2802 -0.4951
vn -0.3633 -0.4570 -0.8119
vn -0.8073 0.3103 0.5020
vn -0.9160 0.1923 0.3520
vn -0.9969 0.0610 0.0504
vn -0.6682 0.3840 0.6372
vn -0.9569 0.0781 0.2799
vn -0.9987 -0.0215 0.0464
vn -0.9896 0.0829 0.1176
vn -0.9569 -0.1562 -0.2450
vn 0.2906 -0.6073 -0.7395
vn -0.9535 -0.1139 -0.2792
vn -0.5323 -0.4152 -0.7377
vn -0.9355 -0.2086 -0.2852
vn -0.0928 -0.4135 0.9058
vn -0.1394 -0.8080 0.5725
vn -0.1055 -0.9470 0.3033
vn -0.1460 0.2396 0.9598
vn -0.1151 0.4987 0.8591
vn -0.0810 -0.6934 -0.7160
vn -0.0226 -0.5148 -0.8570
vn -0.2504 -0.4972 -0.8307
vn -0.1774 -0.4888 -0.8542
vn -0.0372 -0.4977 -0.8666
vn -0.1369 0.5315 0.8359
vn -0.0985 0.4838 0.8696
vn -0.1377 0.4918 0.8598
vn -0.0056 -0.5000 -0.8660
vn -0.0668 -0.4931 -0.8674
vn -0.1468 0.4947 0.8566
vn -0.0952 0.4950 0.8637
vn -0.1603 0.5056 0.8478
vn -0.0989 -0.5044 -0.8578
vn -0.0585 -0.4921 -0.8686
vn -0.2716 -0.4842 -0.8317
vn -0.0523 -0.5439 -0.8375
vn 0.1614 -0.9117 0.3779
vn 0.1084 -0.5698 0.8146
vn 0.0850 0.4951 0.8647
vn 0.0868 -0.6584 -0.7476
vn 0.0439 0.2056 0.9777
vn 0.0722 -0.5024 -0.8616
vn 0.5022 -0.8414 -0.1997
vn 0.0161 -0.5125 -0.8585
vn 0.0863 0.4985 0.8626
vn 0.0219 -0.5245 -0.8511
vn 0.2000 -0.4866 -0.8505
vn 0.3338 0.4916 0.8043
vn 0.1997 -0.4923 -0.8472
vn 0.1984 -0.4960 -0.8454
vn 0.9988 0.0462 0.0155
vn 0.2475 -0.4882 -0.8369
vn 0.2435 -0.4892 -0.8375
vn 0.1977 0.4947 0.8463
vn -0.0378 0.4852 0.8736
vn 0.0945 0.5002 0.8607
vn 0.9851 -0.0997 0.1399
vn 0.5863 -0.3697 -0.7208
vn 0.2035 -0.4960 -0.8441
vn 0.2090 -0.4740 -0.8554
vn 0.5881 -0.3540 0.7272
vn 0.7819 -0.5542 0.2854
vn 0.9622 -0.0188 0.2718
vn 0.9894 -0.1419 -0.0302
vn 0.6163 0.4018 0.6773
vn 0.5879 0.3847 0.7116
vn 0.5639 0.1393 0.8140
vn 0.8748 0.2486 0.4159
vn 0.8602 0.1460 0.4885
vn 0.9933 0.0525 0.1031
vn 0.5774 -0.4227 -0.6985
vn 0.7236 -0.4497 -0.5237
vn 0.9764 -0.1189 -0.1805
vn 0.8996 -0.2289 -0.3720
vn 0.6260 -0.3941 -0.6729
vn 0.7795 -0.2828 -0.5590
vn -0.8337 -0.4996 -0.2355
vn 0.9715 0.0714 0.2259
vn 0.9860 0.0942 0.1373
vn 0.9953 -0.0427 -0.0874
vn 0.9449 0.1820 0.2721
vn 0.9775 -0.0957 -0.1880
vn 0.9998 0.0167 0.0087
vn 0.7965 -0.2983 -0.5259
vn 0.5670 0.4227 0.7070
vn 0.9185 0.2098 0.3352
vn 0.8213 0.2534 0.5112
vn 0.9205 0.1826 0.3455
vn 0.9886 0.0328 0.1467
vn 0.9671 0.1271 0.2205
vn 0.9875 -0.0800 -0.1359
vn 0.7640 0.3300 0.5544
vn 0.7688 0.3360 0.5442
vn 0.6344 -0.3940 -0.6650
vn 0.6154 -0.4251 -0.6637
vn 0.8863 -0.2008 -0.4173
vn 0.9730 -0.1223 -0.1958
vn 0.9945 -0.0454 -0.0942
vn 0.7816 -0.2777 -0.5586
vn 0.9876 0.0654 0.1427
vn 0.9089 0.2406 0.3406
vn 0.9878 -0.1010 -0.1186
vn 0.9993 -0.0116 -0.0358
vn 0.8319 0.2435 0.4986
vn 0.8727 -0.3048 -0.3814
vn 0.9793 -0.0916 -0.1807
vn 0.7944 -0.3197 -0.5165
vn 0.8838 -0.3183 -0.3429
vn 0.6134 0.4157 0.6716
vn 0.6224 0.3819 0.6832
vn 0.8844 0.2528 0.3924
vn 0.9232 0.1827 0.3383
vn 0.9968 0.0229 0.0766
vn 0.9864 0.0824 0.1424
vn 0.5581 -0.3565 -0.7493
vn 0.7172 -0.3585 -0.5975
vn 0.6269 -0.3852 -0.6772
vn 0.7886 -0.3566 -0.5010
vn 0.7995 -0.3032 -0.5185
vn 0.9886 0.0835 0.1256
vn 0.9890 -0.0876 -0.1193
vn 0.9963 -0.0498 -0.0706
vn 1.0000 0.0070 0.0031
vn 0.7637 -0.3245 -0.5581
vn 0.9680 -0.1279 -0.2160
vn 0.5977 0.3789 0.7065
vn 0.8558 0.2612 0.4466
vn 0.7796 -0.3003 -0.5496
vn 0.9799 0.0886 0.1790
vn 0.9846 0.0904 0.1496
vn 0.9910 -0.0538 -0.1227
vn 0.9212 0.0701 -0.3826
vn 0.9877 -0.0779 -0.1359
vn 0.6184 0.4259 0.6605
vn 0.7646 0.3463 0.5435
vn 0.7447 0.3122 0.5899
vn 0.9929 0.0669 0.0988
vn 0.9194 0.1970 0.3404
vn 0.9934 0.0476 0.1045
vn 0.6741 -0.3798 -0.6336
vn 0.8331 -0.2247 -0.5054
vn 0.6406 -0.4079 -0.6505
vn 0.9789 -0.0657 -0.1937
vn 0.9782 0.1125 0.1745
vn 0.9811 -0.0930 -0.1698
vn 0.4533 -0.5523 -0.6997
vn 0.9798 -0.1292 -0.1526
vn 0.7606 -0.3333 -0.5572
vn 0.5408 0.3931 0.7436
vn 0.5934 0.4191 0.6872
vn 0.9484 0.1190 0.2939
vn 0.9164 0.1951 0.3496
vn 0.9991 0.0322 0.0266
vn 0.9913 -0.0701 -0.1117
vn 0.9739 0.1249 0.1894
vn 0.9972 0.0371 0.0646
vn 0.5449 -0.4241 -0.7233
vn 0.7050 -0.3480 -0.6179
vn 0.8330 -0.2829 -0.4754
vn 0.9714 -0.2246 -0.0771
vn 0.9945 -0.0465 -0.0940
vn 0.7116 -0.3356 -0.6173
vn 0.2524 0.6626 0.7052
vn 0.0486 0.9492 0.3110
vn 0.0854 0.9963 0.0079
vn 0.2939 0.4645 0.8354
vn -0.0726 0.8586 0.5075
vn 0.0390 0.9968 -0.0703
vn -0.1809 0.8032 0.5675
vn -0.0648 0.9930 -0.0992
vn 0.0812 0.5414 0.8368
vn 0.2758 0.9572 -0.0878
vn 0.4515 0.8921 0.0171
vn 0.3154 0.9373 -0.1485
vn 0.4864 0.7623 -0.4270
vn 0.8096 0.5790 -0.0959
vn 0.1070 0.9429 -0.3154
vn 0.0434 0.8672 -0.4961
vn 0.1954 0.3682 -0.9090
vn 0.0055 0.6889 -0.7249
vn 0.3131 0.9453 0.0918
vn 0.5762 0.7816 0.2389
vn 0.8029 0.5940 0.0491
vn 0.9858 0.1397 0.0936
vn 0.8524 0.4431 0.2777
vn 0.2800 0.4123 0.8670
vn 0.1793 -0.1129 0.9773
vn 0.7245 0.1055 0.6812
vn 0.9833 0.0896 0.1582
vn 0.3838 -0.4325 0.8159
vn 0.9812 0.0860 0.1730
vn 0.7737 -0.5347 0.3399
vn 0.9966 0.0568 0.0601
vn 0.6774 -0.7337 0.0523
vn 0.9747 0.1106 -0.1943
vn 0.0955 -0.4323 0.8966
vn 0.4745 -0.7923 -0.3836
vn 0.1494 -0.8298 0.5376
vn 0.2691 -0.9614 0.0571
vn 0.1155 -0.9455 -0.3043
vn 0.0387 -0.1257 0.9913
vn 0.0255 -0.0555 0.9981
vn 0.2898 0.9076 -0.3039
vn 0.2973 0.8387 0.4562
vn 0.4865 0.0985 -0.8681
vn 0.5737 0.8149 -0.0827
vn 0.1672 -0.3292 -0.9293
vn 0.6212 0.7837 -0.0049
vn 0.3290 0.9392 0.0979
vn 0.5360 -0.1004 -0.8382
vn 0.6989 0.5723 0.4290
vn 0.0390 0.8711 0.4896
vn 0.0743 -0.6144 -0.7855
vn 0.0241 -0.6488 -0.7606
vn 0.0554 0.6006 0.7976
vn -0.1133 0.8940 0.4335
vn -0.1210 0.9921 -0.0341
vn 0.0093 0.1209 0.9926
vn 0.0041 -0.0671 -0.9977
vn 0.0156 -0.3316 -0.9433
vn -0.0479 0.9226 0.3829
vn 0.0048 0.6615 0.7499
vn -0.0284 0.5859 0.8099
vn -0.0303 0.4439 0.8956
vn -0.2732 0.9566 -0.1012
vn 0.0767 0.0972 0.9923
vn -0.2929 0.6451 0.7058
vn -0.8957 0.4364 0.0848
vn -0.8900 0.4479 0.0852
vn 0.0123 0.1883 -0.9820
vn -0.1379 0.7400 -0.6583
vn 0.0020 0.2746 -0.9616
vn -0.1193 0.4325 -0.8937
vn -0.4510 0.4698 -0.7589
vn -0.0260 0.2144 -0.9764
vn 0.0128 -0.9929 0.1179
vn -0.0017 -0.9845 -0.1752
vn -0.0002 -0.7040 0.7102
vn -0.0053 -0.9849 0.1732
vn -0.0171 0.9991 0.0393
vn -0.0014 -0.8190 -0.5738
vn -0.0065 0.6729 0.7397
vn 0.0727 0.4338 0.8981
vn 0.0857 0.8789 0.4692
vn 0.1861 0.9792 0.0814
vn 0.0030 -0.9225 -0.3859
vn 0.3592 0.2150 0.9081
vn 0.4022 0.7363 0.5441
vn -0.4708 0.1821 0.8632
vn -0.8527 0.0169 0.5221
vn -0.9342 0.1509 -0.3233
vn -0.0984 0.3289 0.9392
vn -0.3212 -0.0673 0.9446
vn -0.5926 0.2689 0.7593
vn -0.0496 0.0758 0.9959
vn -0.0519 -0.0157 0.9985
vn 0.1374 0.1185 0.9834
vn 0.3213 0.0148 0.9468
vn 0.6785 0.1549 0.7180
vn -0.4130 0.7646 0.4948
vn -0.4997 0.8511 -0.1611
vn -0.0198 0.5985 0.8009
vn -0.0085 0.9824 0.1864
vn 0.0477 0.9958 -0.0787
vn 0.4758 0.4664 0.7457
vn 0.2965 0.8580 0.4194
vn 0.4489 0.8931 0.0284
vn -0.4710 0.0142 -0.8820
vn -0.6548 0.3148 -0.6871
vn -0.2019 -0.0145 -0.9793
vn -0.2546 -0.0384 -0.9663
vn -0.0071 0.1583 -0.9874
vn 0.0329 -0.1801 -0.9831
vn 0.1192 0.0598 -0.9911
vn 0.4183 0.2290 -0.8789
vn 0.4960 0.1065 -0.8618
vn 0.6024 0.2142 -0.7689
vn -0.2446 0.8748 -0.4181
vn -0.0100 0.5153 -0.8569
vn 0.3719 0.7381 -0.5629
vn 0.7518 0.5441 -0.3725
vn -0.0943 -0.4662 0.8796
vn 0.0035 -0.9965 -0.0832
vn 0.6376 0.2663 0.7229
vn 0.5444 0.8342 0.0881
vn 0.6492 0.4989 0.5741
vn -0.1281 0.2326 -0.9641
vn -0.0537 -0.2979 -0.9531
vn 0.2135 0.1340 0.9677
vn 0.6821 0.5711 0.4567
vn 0.9663 0.1443 0.2133
vn 0.9731 0.2050 -0.1047
vn 0.8556 0.4523 0.2517
vn 0.9639 0.1599 0.2131
vn 0.8867 0.0716 -0.4567
vn 0.8583 0.2466 -0.4501
vn 0.9256 0.1825 -0.3316
vn -0.0043 -0.9994 0.0356
vn -0.0074 -0.9342 -0.3566
vn -0.0025 -0.9777 0.2098
vn -0.1233 -0.8651 0.4862
vn -0.0491 0.1315 0.9901
vn -0.1014 0.9942 0.0372
vn -0.0943 -0.7335 -0.6731
vn 0.0070 -0.9901 0.1400
vn -0.0008 -0.9966 -0.0818
vn -0.0076 -0.9649 -0.2627
vn -0.1304 -0.9907 0.0398
vn -0.7667 0.3466 0.5404
vn -0.6522 0.3573 0.6685
vn -0.7080 0.0791 0.7017
vn -0.0973 -0.9064 -0.4111
vn -0.4698 -0.3771 0.7981
vn -0.6306 -0.7071 0.3200
vn -0.4699 -0.8390 -0.2744
vn -0.9720 -0.1366 0.1913
vn -0.7979 -0.4287 0.4238
vn -0.8725 -0.4533 -0.1822
vn 0.3659 -0.7535 -0.5462
vn -0.4070 -0.5962 -0.6921
vn -0.2827 -0.7500 -0.5979
vn -0.1882 0.0136 0.9820
vn -0.3263 0.9452 -0.0054
vn -0.1219 0.7894 0.6017
vn -0.7436 0.6222 -0.2447
vn -0.0364 0.5187 0.8542
vn -0.4553 0.7390 0.4966
vn -0.6095 0.5217 0.5969
vn -0.6628 0.3741 0.6486
vn -0.4004 -0.4939 -0.7718
vn -0.4147 -0.8762 -0.2456
vn -0.7328 -0.6803 0.0131
vn -0.8921 -0.3581 0.2755
vn -0.7623 0.4384 -0.4762
vn -0.2665 -0.1007 -0.9586
vn -0.5843 0.2957 -0.7558
vn -0.5090 -0.0855 -0.8565
vn -0.8724 -0.0588 -0.4851
vn -0.7542 -0.3113 -0.5782
vn -0.6761 -0.0443 -0.7355
vn -0.3300 0.0977 -0.9389
vn -0.3555 -0.2987 -0.8856
vn -0.7375 0.3204 0.5945
vn -0.9795 0.1839 0.0819
vn -0.9942 0.0542 0.0931
vn -0.8156 0.3083 0.4897
vn -0.9921 0.0676 0.1055
vn -0.9464 -0.1372 -0.2922
vn -0.9465 -0.1693 -0.2749
vn -0.9999 0.0012 -0.0121
vn -0.4829 -0.4325 -0.7614
vn -0.6076 -0.4145 -0.6774
vn -0.6970 0.4235 0.5787
vn -0.8175 0.2407 0.5232
vn -0.6311 0.3947 0.6678
vn -0.9486 0.1333 0.2870
vn -0.9544 -0.1649 -0.2488
vn -0.9984 -0.0049 0.0567
vn -0.8581 0.2716 0.4357
vn -0.6657 0.3968 0.6319
vn -0.1068 0.3344 0.9364
vn -0.0949 0.4635 0.8810
vn -0.0967 -0.7708 -0.6297
vn 0.0662 0.6906 -0.7202
vn -0.0642 0.6874 0.7235
vn -0.0034 0.4272 0.9042
vn 0.0038 0.6918 0.7221
vn 0.0071 0.2615 0.9652
vn 0.0089 0.5227 0.8525
vn 0.0077 0.7020 0.7122
vn -0.1063 0.5894 0.8008
vn -0.0811 0.5152 0.8532
vn -0.4591 -0.7957 0.3952
vn -0.1447 -0.9846 -0.0984
vn -0.1580 -0.8993 0.4078
vn -0.0013 -0.8594 0.5113
vn -0.0022 0.8520 -0.5235
vn -0.0643 -0.0466 -0.9968
vn -0.0543 -0.3915 -0.9186
vn -0.0978 0.6705 -0.7354
vn 0.0863 0.5759 0.8129
vn -0.0914 -0.4903 -0.8668
vn -0.1914 0.4915 0.8496
vn 0.1185 0.3620 0.9246
vn 0.0029 0.2576 0.9662
vn -0.0047 0.3590 0.9333
vn -0.0196 -0.8900 0.4556
vn 0.0799 -0.9961 -0.0368
vn 0.2095 -0.4955 -0.8429
vn 0.0953 0.3200 -0.9426
vn 0.2079 -0.3447 -0.9154
vn -0.0189 0.6137 0.7893
vn 0.0154 0.5181 0.8552
vn 0.0453 -0.6914 -0.7211
vn -0.0138 0.7359 0.6769
vn 0.0017 0.7027 0.7115
vn 0.1820 0.5782 0.7954
vn 0.0004 0.3754 0.9269
vn 0.0015 0.6389 0.7693
vn 0.0112 0.3956 0.9184
vn 0.0188 0.6464 0.7628
vn 0.1382 0.6927 0.7078
vn 0.0605 0.3155 0.9470
vn 0.1234 0.5648 0.8160
vn 0.0577 0.7874 -0.6138
vn 0.2805 0.4954 0.8221
vn 0.2700 -0.8329 0.4830
vn 0.7652 -0.6058 0.2179
vn 0.6100 0.6363 -0.4722
vn 0.5634 -0.6719 -0.4807
vn 0.8491 -0.4541 0.2697
vn 0.6407 0.0773 -0.7639
vn 0.0344 0.4993 0.8657
vn 0.2911 0.4691 0.8338
vn 0.6872 0.3585 0.6319
vn 0.9125 0.2398 0.3314
vn 0.7464 0.3182 0.5845
vn 0.4286 -0.4600 -0.7776
vn 0.8629 -0.2411 -0.4443
vn 0.9836 0.0666 0.1675
vn 0.7938 0.2152 0.5688
vn 0.9910 -0.0653 -0.1172
vn 0.9684 0.1071 0.2250
vn 0.9978 -0.0290 -0.0604
vn 0.9279 -0.2242 -0.2977
vn 0.3543 0.2622 0.8976
vn 0.5596 0.3395 0.7560
vn 0.6891 0.4928 0.5313
vn 0.7822 0.3657 0.5045
vn 0.9899 0.1089 0.0909
vn 0.9997 -0.0174 -0.0196
vn 0.9839 0.0661 0.1660
vn 0.6480 0.3743 0.6634
vn 0.7499 0.3405 0.5672
vn 0.8414 -0.3097 -0.4428
vn 0.9601 -0.1478 -0.2372
vn 0.9772 0.1917 -0.0918
vn 0.9623 -0.0139 -0.2716
vn 0.8633 -0.1708 -0.4750
vn 0.7057 -0.3505 -0.6157
vn 0.9919 -0.0607 -0.1118
vn 0.8537 -0.2628 -0.4497
vn 0.6019 -0.4111 -0.6846
vn 0.8740 0.2338 0.4260
vn 0.9978 0.0391 0.0535
vn 0.9861 0.0900 0.1397
vn 0.9633 -0.1466 -0.2247
vn 0.9999 0.0100 0.0111
vn 0.5551 0.4263 0.7142
vn 0.8810 0.2488 0.4024
vn 0.7226 0.2964 0.6245
vn 0.9255 0.1803 0.3331
vn 0.9874 0.0278 0.1555
vn 0.8454 0.2914 0.4476
vn 0.8523 0.2345 0.4675
vn 0.4355 -0.5912 -0.6789
vn 0.2961 -0.0395 -0.9543
vn 0.6199 -0.1849 -0.7626
vn 0.6473 -0.0495 -0.7606
vn 0.9258 -0.0036 -0.3780
vn 0.8705 -0.2627 -0.4161
vn 0.4146 -0.5756 -0.7048
vn 0.7186 -0.2766 -0.6381
vn 0.6314 -0.3604 -0.6866
vn 0.7079 -0.5590 -0.4318
vn 0.7251 -0.5631 -0.3964
vn 0.4610 -0.4260 -0.7785
vn 0.0417 -0.7875 -0.6150
vn -0.0024 -0.5171 -0.8559
vn 0.1206 -0.2572 -0.9588
vn 0.4488 0.0577 0.8918
vn 0.8601 0.0472 0.5080
vn 0.5050 -0.7391 -0.4458
vn 0.9009 0.2295 -0.3683
vn 0.9585 -0.2550 0.1279
vn 0.9507 -0.0438 0.3070
vn 0.8502 0.0194 -0.5261
vn 0.9811 -0.1492 0.1235
vn 0.8248 -0.3127 -0.4712
vn 0.8041 -0.1216 0.5819
vn 0.8482 0.1350 0.5122
vn 0.8465 0.0912 0.5246
vn 0.9479 -0.0333 -0.3170
vn 0.9974 0.0599 0.0401
vn 0.9416 -0.0293 0.3355
vn 0.7896 -0.2321 -0.5681
vn 0.3430 -0.1974 -0.9183
vn 0.7882 -0.5491 0.2780
vn 0.8479 -0.4797 -0.2257
vn 0.7247 -0.6869 -0.0548
vn 0.7257 -0.6880 -0.0009
vn 0.9712 -0.1399 0.1931
vn 0.9950 -0.0913 0.0403
vn 0.5391 -0.8340 -0.1174
vn 0.9925 -0.1222 0.0079
vn 0.5997 -0.8002 0.0099
vn 0.4846 -0.8590 -0.1654
vn 0.9559 -0.2894 0.0491
vn 0.9630 -0.2689 0.0153
vn 0.8259 -0.5062 -0.2483
vn 0.7454 -0.6596 0.0964
vn 0.6345 -0.7576 0.1532
vn 0.4332 -0.1538 0.8881
vn 0.4366 -0.2794 0.8551
vn 0.9593 -0.2218 0.1748
vn 0.7606 -0.3360 0.5554
vn 0.1180 -0.5251 0.8428
vn 0.6602 -0.7138 -0.2334
vn 0.4559 -0.4875 -0.7447
vn 0.2137 -0.9743 -0.0708
vn 0.1182 -0.9929 0.0159
vn 0.1795 -0.9732 0.1440
vn 0.0164 -0.9601 0.2791
vn 0.0286 -0.9992 0.0290
vn 0.0557 -0.9916 -0.1166
vn 0.1221 -0.9819 0.1445
vn 0.2019 -0.9746 0.0967
vn 0.2837 -0.9417 0.1809
vn 0.3276 -0.9406 0.0889
vn 0.4645 -0.8855 0.0131
vn 0.3079 -0.9367 -0.1665
vn 0.5229 -0.6381 -0.5652
vn 0.1083 -0.8794 -0.4636
vn 0.4591 -0.8828 -0.0995
vn 0.4940 -0.6176 -0.6120
vn 0.7460 -0.6630 -0.0624
vn 0.8559 -0.3588 -0.3725
vn 0.8457 -0.2587 -0.4667
vn -0.1912 -0.9450 -0.2654
vn -0.1476 -0.7269 -0.6708
vn 0.0098 -0.3557 -0.9345
vn 0.0803 -0.0580 -0.9951
vn -0.3731 -0.7563 -0.5374
vn 0.0703 -0.4766 -0.8763
vn 0.2237 -0.6928 -0.6855
vn 0.4674 -0.6242 -0.6261
vn 0.3154 -0.2643 -0.9114
vn 0.0759 -0.8129 0.5775
vn 0.0712 -0.9947 0.0741
vn 0.1144 -0.5757 -0.8096
vn 0.4775 -0.4900 -0.7293
vn 0.4880 0.0743 -0.8697
vn 0.3226 -0.4948 -0.8069
vn 0.6196 0.2908 -0.7290
vn 0.1117 -0.9768 -0.1825
vn 0.0212 -0.9996 -0.0177
vn 0.6841 -0.2190 0.6957
vn 0.4864 -0.8545 0.1825
vn 0.5390 -0.8370 -0.0942
vn 0.9139 -0.4050 0.0279
vn 0.6814 -0.3041 -0.6657
vn -0.8520 -0.4448 0.2762
vn -0.7686 -0.5477 0.3305
vn -0.8257 -0.4900 0.2794
vn -0.7789 -0.5388 0.3209
vn -0.7994 -0.5410 0.2613
vn -0.8195 0.4519 -0.3525
vn -0.6639 -0.7477 0.0100
vn -0.6821 0.1901 -0.7061
vn -0.1798 -0.8466 0.5010
vn -0.1363 -0.8752 0.4641
vn -0.2439 0.8265 -0.5073
vn -0.1223 0.8301 -0.5440
vn -0.2795 -0.7648 -0.5804
vn -0.1020 -0.9932 0.0559
vn -0.0009 -0.5204 -0.8539
vn -0.0973 0.5594 -0.8232
vn 0.0808 -0.8783 0.4713
vn 0.1382 0.3824 -0.9136
vn 0.1503 -0.7315 -0.6650
vn 0.1673 -0.9758 0.1410
vn -0.9766 -0.1681 -0.1344
vn 0.3229 -0.8148 0.4815
vn 0.7472 -0.5421 0.3844
vn 0.8310 -0.4774 0.2856
vn 0.2212 0.8350 -0.5038
vn 0.6489 -0.6741 0.3529
vn 0.6622 -0.6537 0.3663
vn 0.6458 0.6275 -0.4350
vn 0.8138 0.4930 -0.3077
vn 0.6868 -0.0613 -0.7242
vn 0.7709 -0.6366 0.0214
vn 0.9972 -0.0595 0.0455
vn 0.9135 -0.3385 0.2258
vn 0.9954 -0.0938 0.0210
vn 0.7925 0.5305 -0.3008
vn 0.9635 0.2084 -0.1680
vn 0.4418 0.7720 -0.4571
vn 0.4114 0.8459 -0.3393
vn 0.7581 0.3416 -0.5555
vn 0.0802 0.9807 -0.1783
vn 0.3347 0.8157 -0.4718
vn 0.5213 0.2633 -0.8117
vn 0.2072 0.4569 -0.8651
vn -0.0674 0.8948 -0.4413
vn 0.0084 0.1122 -0.9937
vn 0.9333 0.3142 0.1737
vn 0.7528 0.6089 0.2503
vn 0.6877 0.6251 0.3692
vn -0.1678 0.9554 -0.2430
vn 0.6144 0.7365 0.2829
vn 0.4887 0.8640 -0.1211
vn 0.9274 0.2979 0.2262
vn 0.8826 0.4684 -0.0396
vn 0.9701 0.2390 0.0433
vn 0.3595 0.9326 0.0326
vn 0.4454 0.8875 0.1183
vn 0.4643 0.8785 -0.1121
vn 0.9940 0.0738 0.0811
vn 0.8572 0.5131 0.0448
vn 0.9787 0.2052 -0.0068
vn 0.7439 0.5508 -0.3785
vn 0.2198 0.8698 -0.4418
vn 0.4692 0.8752 0.1174
vn 0.8279 0.0643 -0.5572
vn 0.9125 0.4091 -0.0017
vn 0.8831 0.4512 0.1290
vn 0.3375 0.7335 0.5899
vn 0.9921 -0.0776 -0.0991
vn 0.0484 0.5100 0.8588
vn 0.1374 0.9890 0.0550
vn 0.1286 0.9732 0.1908
vn 0.2044 0.9787 0.0191
vn 0.1722 0.9846 0.0307
vn 0.0617 0.9763 0.2076
vn 0.2219 0.9737 0.0514
vn 0.0689 0.9976 -0.0010
vn -0.0080 0.9998 0.0192
vn 0.1931 0.9653 0.1756
vn 0.2684 0.9479 0.1713
vn 0.4034 0.9144 0.0330
vn 0.3939 0.9182 0.0414
vn 0.6517 0.7398 -0.1671
vn 0.1908 0.9401 -0.2824
vn -0.0092 0.9995 -0.0300
vn 0.4994 0.8504 -0.1656
vn 0.9675 0.1746 -0.1829
vn 0.9657 -0.2416 -0.0947
vn 0.8288 0.3517 -0.4353
vn 0.6817 0.2127 -0.7001
vn 0.1227 0.4029 -0.9070
vn 0.3034 -0.0729 -0.9501
vn 0.4286 0.1480 -0.8913
vn -0.0452 -0.1627 -0.9856
vn 0.0372 0.4077 -0.9124
vn 0.0619 0.6280 -0.7758
vn 0.0520 0.9524 -0.3004
vn 0.3716 0.8333 -0.4094
vn 0.3016 0.3810 -0.8740
vn 0.4418 0.6662 0.6008
vn 0.4777 0.6495 -0.5915
vn 0.6261 0.5790 -0.5222
vn 0.6930 0.7019 -0.1644
vn 0.0856 0.9943 0.0632
vn 0.0744 0.9946 -0.0722
vn 0.7994 0.6005 0.0181
vn -0.8305 0.4777 -0.2865
vn -0.2970 -0.8459 0.4429
vn -0.8650 0.4397 -0.2416
vn -0.8436 -0.2573 -0.4713
vn -0.5671 -0.4084 -0.7153
vn -0.9953 0.0572 0.0786
vn -0.9511 -0.1578 -0.2654
vn -0.9927 0.0452 0.1115
vn 0.2680 -0.4770 -0.8371
vn -0.9599 -0.1333 -0.2466
vn -0.9599 -0.1310 -0.2477
vn -0.5539 -0.4040 -0.7280
vn -0.5901 -0.4015 -0.7004
vn -0.7354 0.3136 0.6008
vn -0.9900 0.0630 0.1261
vn -0.7194 0.3457 0.6025
vn -0.9918 0.0635 0.1112
vn -0.9894 0.0763 0.1232
vn -0.9608 -0.1463 -0.2357
vn -0.9814 0.1034 0.1615
vn -0.9647 -0.1330 -0.2274
vn -0.1880 -0.5105 -0.8391
vn 0.3481 0.4487 0.8231
vn -0.6798 0.3838 0.6250
vn -0.6866 0.3644 0.6291
vn -0.9906 0.0753 0.1141
vn -0.6826 0.3608 0.6355
vn -0.8693 0.4207 -0.2593
vn -0.9572 -0.1357 -0.2558
vn -0.6191 -0.4044 -0.6732
vn -0.5786 -0.3980 -0.7119
vn -0.9407 -0.1566 -0.3009
vn -0.9922 0.0712 0.1024
vn -0.9998 0.0178 -0.0069
vn -0.8726 -0.2256 -0.4331
vn -0.9804 0.0676 0.1848
vn -0.7675 -0.3273 -0.5512
vn -0.7926 -0.3193 -0.5194
vn -0.9364 -0.1933 -0.2929
vn 0.3606 0.1960 0.9119
vn -0.8965 0.2327 0.3770
vn -0.6885 0.3206 0.6505
vn -0.9974 -0.0168 0.0704
vn -0.9926 0.0591 0.1058
vn -0.9607 -0.1616 -0.2257
vn -0.9480 0.1722 0.2678
vn -0.9931 0.0751 0.0898
vn -0.6434 0.3920 0.6575
vn -0.8738 0.2556 0.4136
vn -0.7113 0.3817 0.5902
vn -0.9559 -0.1520 -0.2513
vn -0.5402 -0.4072 -0.7365
vn 0.2706 -0.4770 -0.8362
vn -0.9626 -0.1275 -0.2391
vn 0.2059 -0.4092 -0.8889
vn -0.6940 -0.3414 -0.6339
vn -0.9878 0.0850 0.1302
vn -0.9989 0.0221 0.0405
vn -0.8297 0.2656 0.4909
vn -0.9786 -0.0470 -0.2001
vn -0.9967 0.0252 0.0766
vn -0.9273 -0.2330 -0.2931
vn -0.9644 -0.1144 -0.2384
vn -0.9999 0.0072 0.0070
vn 0.4426 -0.1915 -0.8760
vn -0.6713 0.4962 0.5505
vn -0.7352 0.3234 0.5958
vn -0.6666 0.3918 0.6341
vn -0.9827 0.0934 0.1597
vn -0.6499 0.3802 0.6581
vn -0.9935 0.0634 0.0949
vn -0.8033 0.2900 0.5202
vn -0.6521 0.3910 0.6495
vn -0.7717 -0.3223 -0.5482
vn -0.9580 -0.1495 -0.2446
vn -0.9891 0.0792 0.1245
vn 0.0842 -0.5823 -0.8086
vn -0.9417 -0.1669 -0.2922
vn -0.9562 -0.1380 -0.2581
vn -0.4987 -0.4396 -0.7470
vn 0.2134 -0.3670 -0.9054
vn -0.7794 0.4536 0.4322
vn -0.5026 0.8491 0.1627
vn -0.9899 0.0830 -0.1145
vn -0.8060 0.5504 -0.2178
vn -0.7218 -0.2976 -0.6248
vn -0.7936 -0.0777 -0.6034
vn -0.5687 0.5709 -0.5921
vn -0.2811 0.2073 -0.9370
vn -0.2533 0.8350 -0.4884
vn -0.2423 0.8288 -0.5044
vn -0.1587 0.8415 -0.5164
vn -0.2227 -0.8344 0.5042
vn -0.1019 -0.5082 -0.8552
vn -0.0058 -0.4998 -0.8661
vn -0.1482 0.4971 0.8550
vn -0.1215 0.4977 0.8588
vn -0.0097 0.8564 -0.5162
vn -0.1516 -0.5005 -0.8524
vn -0.2828 -0.4906 -0.8242
vn -0.0842 -0.4874 -0.8691
vn -0.1931 0.4709 0.8608
vn -0.2133 0.5015 0.8385
vn -0.1461 -0.5128 -0.8460
vn -0.0830 0.4955 0.8646
vn -0.1533 0.7010 0.6965
vn -0.1643 -0.4813 -0.8610
vn -0.0610 -0.4990 -0.8644
vn -0.0147 -0.4581 -0.8888
vn -0.1432 0.9627 -0.2294
vn -0.2120 -0.3328 -0.9188
vn -0.0544 0.7625 -0.6447
vn -0.0114 0.8766 -0.4811
vn 0.1119 0.9370 -0.3308
vn 0.0543 0.7163 -0.6956
vn 0.3677 0.8916 0.2643
vn 0.3985 0.0952 -0.9122
vn 0.0196 -0.4984 -0.8667
vn 0.9978 0.0460 -0.0483
vn 0.3668 0.8106 -0.4565
vn 0.1955 -0.8419 0.5030
vn 0.3158 0.8276 -0.4640
vn 0.5865 0.6833 -0.4348
vn 0.7442 -0.5757 0.3386
vn 0.8634 0.4491 -0.2298
vn 0.2038 -0.4886 -0.8484
vn 0.1917 -0.4853 -0.8531
vn 0.2816 -0.4948 -0.8221
vn -0.9950 -0.0521 0.0851
vn 0.2851 0.4802 0.8295
vn 0.0822 0.8043 -0.5885
vn 0.0813 -0.4976 -0.8636
vn 0.2861 -0.4882 -0.8245
vn 0.2033 0.4897 0.8479
vn 0.2146 0.5028 0.8373
vn 0.3677 0.4951 0.7872
vn 0.1177 -0.4934 -0.8618
vn 0.0526 -0.4301 -0.9012
vn 0.1649 -0.5059 -0.8467
vn 0.0620 0.6201 0.7821
vn 0.2135 -0.4849 -0.8481
vn 0.8983 0.3431 -0.2746
vn 0.9089 -0.3194 0.2680
vn 0.9471 0.2883 -0.1409
vn 0.5081 -0.4554 -0.7310
vn 0.8126 -0.2947 -0.5028
vn 0.7675 -0.2998 -0.5666
vn 0.5956 -0.4000 -0.6966
vn 0.7519 -0.3074 -0.5832
vn 0.9946 -0.0689 -0.0774
vn 0.9944 0.0618 0.0857
vn 0.9713 -0.1195 -0.2057
vn 0.9966 -0.0286 -0.0767
vn 0.6308 0.3678 0.6832
vn 0.5745 0.4255 0.6992
vn 0.7780 -0.3163 -0.5428
vn 0.9830 0.0821 0.1641
vn 0.9249 0.2047 0.3204
vn 0.9934 -0.0544 -0.1010
vn 0.9999 -0.0091 -0.0136
vn 0.9782 0.0889 0.1878
vn 0.8636 -0.2668 -0.4278
vn 0.9840 -0.0896 -0.1541
vn 0.6475 0.3707 0.6658
vn 0.7883 0.3015 0.5364
vn 0.8047 0.2887 0.5189
vn 0.8352 0.2814 0.4725
vn 0.6433 -0.3835 -0.6626
vn 0.4432 -0.4348 -0.7839
vn 0.9888 0.0643 0.1349
vn 0.6262 -0.3687 -0.6870
vn 0.6151 -0.4119 -0.6724
vn 0.9998 0.0129 0.0178
vn 0.9861 0.0801 0.1454
vn 0.9564 -0.1518 -0.2493
vn 0.9831 -0.0885 -0.1604
vn 0.9766 -0.1059 -0.1871
vn -0.1280 0.4976 0.8579
vn 0.8638 0.2676 0.4269
vn 0.7602 0.3073 0.5724
vn 0.8426 0.0392 -0.5371
vn 0.9998 0.0160 0.0121
vn 0.7760 0.3084 0.5501
vn 0.9891 0.0453 0.1401
vn 0.9496 0.1859 0.2523
vn 0.8398 -0.2662 -0.4732
vn 0.9878 -0.0759 -0.1360
vn 0.4798 0.4383 0.7600
vn 0.8161 0.2662 0.5129
vn 0.7832 0.2459 0.5711
vn 0.6503 -0.3822 -0.6565
vn 0.8131 -0.2545 -0.5234
vn 0.9725 -0.1252 -0.1963
vn 0.9969 -0.0292 -0.0726
vn 0.6633 -0.3926 -0.6370
vn 0.7490 -0.3456 -0.5653
vn 0.7939 0.3933 0.4636
vn 0.9884 -0.0005 0.1519
vn 0.9581 0.1514 0.2434
vn 0.9814 -0.1219 -0.1481
vn 0.9902 -0.0711 -0.1205
vn 0.9835 -0.0964 -0.1532
vn 0.5794 0.3739 0.7242
vn 0.8075 0.3156 0.4983
vn 0.6114 0.5305 0.5872
vn 0.9489 0.1218 0.2911
vn 0.9978 0.0343 0.0563
vn 0.9962 0.0627 0.0602
vn 0.9222 0.1275 0.3651
vn 0.5940 0.3955 0.7005
vn 0.6172 -0.3770 -0.6906
vn 0.6982 -0.3683 -0.6138
vn 0.5473 -0.4415 -0.7111
vn 0.6090 -0.3837 -0.6942
vn 0.9663 -0.2442 -0.0810
vn 0.9945 -0.0423 -0.0960
vn 0.9950 -0.0577 -0.0813
vn 0.7682 -0.2963 -0.5675
vn 0.9192 -0.2173 -0.3283
vn 0.5407 0.4871 0.6858
vn 0.6183 0.5409 -0.5703
vn 0.7306 0.6375 -0.2445
vn 0.7728 -0.0988 -0.6269
vn 0.9742 0.1209 0.1906
vn 0.9068 0.3845 0.1731
vn 0.9773 0.0807 -0.1961
s 1
usemtl 
f 10//10 2//2 3//3
f 10//10 5//5 15//15
f 15//15 6//6 16//16
f 12//12 10//10 17//17
f 12//12 17//17 14//14
f 17//17 10//10 18//18
f 21//21 18//18 19//19
f 16//16 22//22 23//23
f 19//19 16//16 24//24
f 19//19 24//24 26//26
f 26//26 24//24 27//27
f 23//23 24//24 25//25
f 24//24 25//25 28//28
f 27//27 25//25 29//29
f 32//32 19//19 31//31
f 33//33 26//26 34//34
f 33//33 37//37 31//31
f 38//38 34//34 36//36
f 35//35 38//38 37//37
f 34//34 27//27 29//29
f 34//34 29//29 40//40
f 40//40 29//29 41//41
f 41//41 30//30 39//39
f 40//40 41//41 43//43
f 44//44 40//40 45//45
f 39//39 46//46 42//42
f 43//43 39//39 48//48
f 48//48 42//42 47//47
f 48//48 47//47 50//50
f 50//50 47//47 49//49
f 45//45 50//50 56//56
f 56//56 49//49 58//58
f 58//58 51//51 52//52
f 58//58 52//52 63//63
f 64//64 58//58 63//63
f 64//64 63//63 66//66
f 61//61 59//59 64//64
f 67//67 66//66 68//68
f 66//66 63//63 70//70
f 63//63 65//65 70//70
f 69//69 64//64 74//74
f 75//75 77//77 76//76
f 68//68 70//70 71//71
f 68//68 71//71 78//78
f 78//78 71//71 79//79
f 79//79 72//72 73//73
f 78//78 79//79 81//81
f 82//82 78//78 83//83
f 77//77 68//68 80//80
f 82//82 86//86 80//80
f 83//83 86//86 82//82
f 73//73 88//88 87//87
f 81//81 73//73 90//90
f 90//90 87//87 89//89
f 90//90 89//89 91//91
f 83//83 78//78 92//92
f 92//92 91//91 93//93
f 96//96 92//92 95//95
f 99//99 95//95 98//98
f 2//2 101//101 1//1
f 4//4 7//7 105//105
f 5//5 105//105 8//8
f 7//7 1//1 103//103
f 107//107 105//105 7//7
f 108//108 109//109 13//13
f 108//108 14//14 20//20
f 21//21 111//111 20//20
f 111//111 112//112 108//108
f 112//112 110//110 109//109
f 22//22 8//8 113//113
f 114//114 8//8 107//107
f 28//28 113//113 114//114
f 115//115 28//28 114//114
f 111//111 21//21 31//31
f 38//38 111//111 31//31
f 116//116 38//38 36//36
f 116//116 112//112 111//111
f 44//44 116//116 36//36
f 117//117 112//112 116//116
f 120//120 115//115 114//114
f 39//39 115//115 118//118
f 119//119 118//118 115//115
f 121//121 51//51 119//119
f 117//117 44//44 53//53
f 55//55 117//117 53//53
f 123//123 55//55 60//60
f 61//61 123//123 60//60
f 123//123 122//122 117//117
f 70//70 125//125 126//126
f 127//127 126//126 125//125
f 127//127 125//125 120//120
f 127//127 72//72 126//126
f 124//124 61//61 74//74
f 86//86 122//122 124//124
f 86//86 77//77 85//85
f 128//128 86//86 84//84
f 128//128 86//86 77//77
f 73//73 127//127 130//130
f 94//94 130//130 127//127
f 99//99 128//128 84//84
f 131//131 99//99 98//98
f 100//100 131//131 98//98
f 132//132 102//102 9//9
f 142//142 110//110 122//122
f 103//103 101//101 134//134
f 136//136 142//142 122//122
f 132//132 101//101 104//104
f 7//7 134//134 137//137
f 107//107 138//138 143//143
f 140//140 133//133 142//142
f 143//143 141//141 144//144
f 143//143 144//144 146//146
f 148//148 142//142 136//136
f 148//148 147//147 142//142
f 143//143 146//146 149//149
f 145//145 149//149 151//151
f 153//153 148//148 155//155
f 150//150 151//151 156//156
f 127//127 120//120 145//145
f 154//154 155//155 136//136
f 159//159 136//136 160//160
f 157//157 158//158 161//161
f 160//160 136//136 163//163
f 129//129 163//163 136//136
f 162//162 160//160 163//163
f 164//164 160//160 162//162
f 135//135 132//132 165//165
f 168//168 166//166 165//165
f 138//138 137//137 169//169
f 137//137 166//166 169//169
f 167//167 171//171 166//166
f 173//173 133//133 140//140
f 178//178 140//140 176//176
f 179//179 169//169 171//171
f 180//180 179//179 167//167
f 174//174 180//180 175//175
f 184//184 179//179 180//180
f 139//139 170//170 181//181
f 182//182 186//186 181//181
f 188//188 186//186 182//182
f 184//184 182//182 179//179
f 190//190 187//187 188//188
f 185//185 182//182 184//184
f 192//192 190//190 182//182
f 191//191 189//189 187//187
f 195//195 142//142 147//147
f 198//198 191//191 192//192
f 196//196 199//199 197//197
f 203//203 194//194 191//191
f 199//199 191//191 198//198
f 204//204 202//202 194//194
f 201//201 205//205 199//199
f 200//200 201//201 206//206
f 152//152 207//207 201//201
f 207//207 212//212 205//205
f 215//215 211//211 212//212
f 215//215 209//209 211//211
f 217//217 152//152 148//148
f 220//220 214//214 213//213
f 218//218 220//220 213//213
f 222//222 215//215 214//214
f 221//221 222//222 220//220
f 223//223 215//215 222//222
f 223//223 227//227 215//215
f 228//228 225//225 227//227
f 229//229 227//227 223//223
f 226//226 229//229 223//223
f 230//230 228//228 227//227
f 234//234 233//233 225//225
f 236//236 154//154 159//159
f 160//160 240//240 159//159
f 238//238 234//234 230//230
f 241//241 232//232 234//234
f 242//242 234//234 238//238
f 245//245 242//242 237//237
f 239//239 245//245 237//237
f 247//247 243//243 242//242
f 239//239 247//247 246//246
f 244//244 235//235 232//232
f 244//244 248//248 235//235
f 247//247 251//251 243//243
f 253//253 250//250 251//251
f 254//254 160//160 164//164
f 162//162 255//255 164//164
f 258//258 253//253 252//252
f 257//257 258//258 252//252
f 266//266 265//265 260//260
f 268//268 266//266 269//269
f 264//264 271//271 270//270
f 263//263 272//272 270//270
f 273//273 274//274 271//271
f 270//270 264//264 275//275
f 302//302 272//272 263//263
f 270//270 271//271 275//275
f 275//275 271//271 274//274
f 277//277 273//273 265//265
f 278//278 279//279 268//268
f 279//279 277//277 268//268
f 281//281 273//273 277//277
f 279//279 281//281 277//277
f 281//281 276//276 273//273
f 285//285 283//283 286//286
f 285//285 286//286 288//288
f 287//287 286//286 283//283
f 282//282 284//284 283//283
f 290//290 282//282 285//285
f 284//284 282//282 290//290
f 292//292 284//284 290//290
f 293//293 297//297 294//294
f 295//295 287//287 284//284
f 309//309 306//306 303//303
f 317//317 314//314 316//316
f 318//318 305//305 312//312
f 316//316 319//319 315//315
f 320//320 309//309 319//319
f 311//311 309//309 320//320
f 317//317 321//321 323//323
f 326//326 319//319 323//323
f 288//288 286//286 328//328
f 330//330 331//331 325//325
f 331//331 327//327 324//324
f 333//333 335//335 334//334
f 338//338 333//333 337//337
f 334//334 342//342 341//341
f 343//343 328//328 287//287
f 344//344 299//299 343//343
f 351//351 330//330 329//329
f 347//347 330//330 344//344
f 349//349 337//337 340//340
f 354//354 340//340 341//341
f 354//354 341//341 353//353
f 89//89 94//94 356//356
f 91//91 357//357 356//356
f 93//93 91//91 359//359
f 359//359 356//356 358//358
f 359//359 358//358 360//360
f 361//361 359//359 362//362
f 100//100 97//97 361//361
f 361//361 362//362 363//363
f 365//365 361//361 363//363
f 362//362 360//360 366//366
f 363//363 362//362 369//369
f 369//369 367//367 371//371
f 365//365 363//363 375//375
f 365//365 375//375 380//380
f 380//380 370//370 381//381
f 384//384 382//382 383//383
f 389//389 374//374 390//390
f 390//390 387//387 388//388
f 390//390 388//388 395//395
f 392//392 390//390 395//395
f 392//392 395//395 398//398
f 398//398 395//395 397//397
f 394//394 395//395 396//396
f 395//395 396//396 397//397
f 94//94 127//127 400//400
f 365//365 129//129 100//100
f 404//404 368//368 372//372
f 372//372 407//407 404//404
f 403//403 405//405 408//408
f 378//378 412//412 377//377
f 412//412 378//378 410//410
f 864//859 379//379 416//416
f 374//374 404//404 417//417
f 414//414 384//384 383//383
f 419//419 420//420 409//409
f 388//388 417//417 420//420
f 421//421 396//396 420//420
f 869//864 422//422 421//421
f 405//405 423//423 408//408
f 406//406 403//403 424//424
f 407//407 372//372 425//425
f 407//407 425//425 426//426
f 404//404 407//407 426//426
f 427//427 411//411 412//412
f 415//415 430//430 416//416
f 466//466 429//429 418//418
f 426//426 425//425 432//432
f 408//408 423//423 433//433
f 408//408 433//433 431//431
f 431//431 433//433 434//434
f 429//429 436//436 413//413
f 163//163 129//129 402//402
f 423//423 401//401 437//437
f 439//439 434//434 438//438
f 426//426 435//435 439//439
f 426//426 439//439 440//440
f 423//423 437//437 441//441
f 376//376 163//163 402//402
f 428//428 163//163 376//376
f 411//411 428//428 376//376
f 401//401 450//450 437//437
f 426//426 440//440 445//445
f 433//433 441//441 438//438
f 436//436 444//444 413//413
f 444//444 430//430 415//415
f 416//416 430//430 449//449
f 157//157 161//161 437//437
f 446//446 426//426 445//445
f 445//445 454//454 455//455
f 456//456 441//441 437//437
f 452//452 441//441 456//456
f 445//445 455//455 446//446
f 457//457 447//447 442//442
f 459//459 443//443 448//448
f 463//463 436//436 429//429
f 457//457 458//458 468//468
f 437//437 469//469 470//470
f 471//471 437//437 470//470
f 472//472 469//469 250//250
f 473//473 469//469 472//472
f 258//258 473//473 253//253
f 477//477 476//476 479//479
f 456//456 437//437 471//471
f 494//494 458//458 493//493
f 482//482 428//428 462//462
f 475//475 482//482 481//481
f 465//465 464//464 436//436
f 505//505 504//504 502//502
f 509//509 507//507 503//503
f 510//510 504//504 508//508
f 511//511 463//463 467//467
f 506//506 463//463 511//511
f 513//513 490//490 505//505
f 506//506 514//514 513//513
f 514//514 512//512 515//515
f 517//517 514//514 506//506
f 518//518 516//516 517//517
f 468//468 521//521 522//522
f 523//523 521//521 516//516
f 519//519 516//516 518//518
f 524//524 522//522 521//521
f 528//528 533//533 527//527
f 532//532 527//527 533//533
f 487//487 483//483 531//531
f 492//492 491//491 535//535
f 491//491 455//455 536//536
f 454//454 453//453 538//538
f 509//509 541//541 507//507
f 543//543 541//541 509//509
f 508//508 492//492 542//542
f 262//262 261//261 546//545
f 534//534 487//487 552//551
f 540//540 553//552 539//539
f 510//510 543//543 509//509
f 555//554 546//545 554//553
f 554//553 263//263 557//556
f 557//556 272//272 559//558
f 549//548 561//560 550//549
f 562//561 278//278 560//559
f 562//561 564//563 278//278
f 550//549 563//562 562//561
f 564//563 280//280 278//278
f 565//564 564//563 562//561
f 567//566 551//550 533//533
f 532//532 531//531 483//483
f 551//550 532//532 533//533
f 553//552 567//566 533//533
f 567//566 568//567 551//550
f 536//536 455//455 569//568
f 570//569 291//291 571//570
f 294//294 572//571 571//570
f 559//558 272//272 302//302
f 559//558 302//302 577//576
f 577//576 302//302 304//304
f 578//577 559//558 577//576
f 558//557 559//558 578//577
f 577//576 580//579 578//577
f 304//304 308//308 580//579
f 580//579 581//580 578//577
f 580//579 308//308 583//582
f 562//561 566//565 585//584
f 585//584 314//314 565//564
f 585//584 586//585 579//578
f 587//586 314//314 585//584
f 588//587 587//586 589//588
f 589//588 587//586 590//589
f 592//591 582//581 591//590
f 317//317 588//587 589//588
f 593//592 594//593 589//588
f 595//594 593//592 597//596
f 599//598 593//592 598//597
f 596//595 595//594 606//605
f 604//603 605//604 602//601
f 606//605 604//603 607//606
f 606//605 329//329 596//595
f 552//551 531//531 612//611
f 616//615 613//612 540//540
f 573//572 614//613 615//614
f 299//299 344//344 351//351
f 617//616 299//299 351//351
f 615//614 614//613 622//621
f 613//612 616//615 601//600
f 620//619 618//617 616//615
f 622//621 614//613 621//620
f 621//620 619//618 626//625
f 543//543 628//627 623//622
f 638//637 637//636 636//635
f 865//860 630//629 639//638
f 630//629 865//860 629//628
f 639//638 630//629 631//630
f 639//638 633//632 641//640
f 633//632 639//638 631//630
f 641//640 633//632 634//633
f 637//636 641//640 634//633
f 642//641 640//639 866//861
f 641//640 412//412 867//862
f 896//891 641//640 648//647
f 641//640 896//891 412//412
f 636//635 642//641 638//637
f 642//641 636//635 640//639
f 645//644 638//637 642//641
f 645//644 642//641 655//654
f 649//648 646//645 644//643
f 649//648 641//640 646//645
f 647//646 649//648 644//643
f 899//894 448//448 650//649
f 652//651 650//649 656//655
f 657//656 648//647 658//657
f 647//646 661//660 651//650
f 663//662 652//651 656//655
f 665//664 657//656 658//657
f 664//663 657//656 665//664
f 674//673 672//671 669//668
f 680//679 675//674 673//672
f 680//679 671//670 675//674
f 681//680 677//676 674//673
f 678//677 681//680 674//673
f 682//681 681//680 678//677
f 685//684 293//293 684//683
f 688//687 686//685 690//689
f 683//682 682//681 678//677
f 693//692 335//335 692//691
f 694//693 695//694 693//692
f 690//689 702//701 688//687
f 703//702 349//349 687//686
f 697//696 349//349 703//702
f 705//704 350//350 348//348
f 709//708 710//709 706//705
f 711//710 710//709 709//708
f 715//714 718//717 716//715
f 713//712 719//718 717//716
f 722//721 723//722 715//714
f 718//717 715//714 723//722
f 722//721 724//723 723//722
f 728//727 714//713 727//726
f 731//730 730//729 732//731
f 730//729 724//723 721//720
f 723//722 724//723 733//732
f 730//729 734//733 724//723
f 734//733 733//732 724//723
f 740//739 739//738 738//737
f 739//738 742//741 737//736
f 747//746 750//749 740//739
f 748//747 745//744 744//743
f 681//680 752//751 680//679
f 681//680 753//752 752//751
f 752//751 746//745 680//679
f 756//755 745//744 748//747
f 757//756 759//758 756//755
f 683//682 762//761 682//681
f 765//764 762//761 764//763
f 765//764 753//752 762//761
f 768//767 764//763 763//762
f 780//779 391//391 392//392
f 391//391 393//393 383//383
f 780//779 392//392 781//780
f 782//781 398//398 783//782
f 783//782 397//397 399//399
f 784//783 782//781 783//782
f 782//781 784//783 781//780
f 786//785 783//782 785//784
f 783//782 399//399 791//790
f 791//790 399//399 792//791
f 792//791 789//788 790//789
f 791//790 792//791 794//793
f 794//793 790//789 795//794
f 788//787 791//790 797//796
f 790//789 798//797 793//792
f 797//796 791//790 804//803
f 801//800 799//798 800//799
f 804//803 801//800 808//807
f 808//807 800//799 810//809
f 810//809 815//814 816//815
f 812//811 810//809 817//816
f 812//811 817//816 819//818
f 819//818 817//816 820//27
f 814//813 811//810 812//811
f 816//815 817//816 818//817
f 817//816 818//817 821//819
f 820//27 818//817 822//820
f 824//822 819//818 825//823
f 829//827 812//811 826//824
f 831//829 825//823 828//826
f 827//825 831//829 830//828
f 825//823 820//27 822//820
f 825//823 822//820 833//40
f 833//40 822//820 834//41
f 834//41 823//821 832//830
f 833//40 834//41 835//43
f 836//831 833//40 837//832
f 832//830 839//834 838//833
f 835//43 832//830 841//836
f 841//836 838//833 840//835
f 841//836 840//835 843//838
f 843//838 840//835 842//837
f 837//832 843//838 848//843
f 852//847 847//842 849//844
f 852//847 849//844 851//846
f 848//843 842//837 854//849
f 854//849 844//839 845//840
f 854//849 845//840 856//851
f 853//848 850//845 857//852
f 859//854 857//852 858//853
f 860//855 853//848 857//852
f 857//852 861//856 860//855
f 864//859 776//775 379//379
f 412//412 777//776 865//860
f 777//776 412//412 410//410
f 865//860 777//776 629//628
f 864//859 416//416 866//861
f 864//859 866//861 862//857
f 862//857 866//861 863//858
f 780//779 414//414 383//383
f 418//418 780//779 781//780
f 784//783 418//418 781//780
f 787//786 868//863 418//418
f 790//789 869//864 870//865
f 800//799 871//866 872//867
f 871//866 870//865 869//864
f 871//866 869//864 419//419
f 863//858 866//861 640//639
f 873//868 788//787 805//804
f 807//806 873//868 805//804
f 873//868 868//863 787//786
f 874//869 875//870 873//868
f 875//870 418//418 868//863
f 908//903 466//466 879//874
f 874//869 807//806 813//812
f 814//813 876//871 813//812
f 876//871 875//870 874//869
f 815//814 872//867 877//872
f 877//872 872//867 871//866
f 878//873 821//819 877//872
f 876//871 814//813 826//824
f 831//829 876//871 826//824
f 879//874 831//829 828//826
f 836//831 879//874 828//826
f 881//876 908//903 879//874
f 832//830 878//873 882//877
f 884//879 882//877 878//873
f 884//879 878//873 877//872
f 845//840 844//839 883//878
f 880//875 836//831 846//841
f 852//847 880//875 846//841
f 886//881 852//847 851//846
f 853//848 886//881 851//846
f 886//881 885//880 880//875
f 855//850 845//840 887//882
f 856//851 888//883 859//854
f 889//884 859//854 888//883
f 861//856 891//886 886//881
f 891//886 881//876 879//874
f 888//883 892//887 890//885
f 896//891 427//427 412//412
f 924//919 881//876 891//886
f 893//888 895//890 861//856
f 642//641 449//449 655//654
f 902//897 449//449 461//461
f 902//897 900//895 449//449
f 899//894 653//652 903//898
f 467//467 463//463 905//900
f 907//902 905//900 906//901
f 457//457 468//468 910//905
f 909//904 910//905 911//906
f 660//659 654//653 901//896
f 912//907 466//466 908//903
f 909//904 911//906 915//910
f 914//909 915//910 916//911
f 884//879 877//872 914//909
f 920//915 913//908 919//914
f 881//876 919//914 908//903
f 917//912 918//913 922//917
f 919//914 921//916 920//915
f 924//919 919//914 881//876
f 925//920 919//914 924//919
f 927//922 903//898 653//652
f 930//925 519//519 929//924
f 907//902 932//927 905//900
f 934//929 523//523 516//516
f 932//927 934//929 519//519
f 935//930 524//524 934//929
f 936//931 524//524 935//930
f 937//932 936//931 933//928
f 931//926 937//932 933//928
f 468//468 525//525 910//905
f 910//905 939//934 940//935
f 941//936 939//934 524//524
f 942//937 940//935 939//934
f 945//940 943//938 936//931
f 931//926 945//940 944//939
f 945//940 946//941 943//938
f 946//941 948//943 938//933
f 950//945 949//944 948//943
f 951//946 663//662 660//659
f 931//926 906//901 466//466
f 954//949 956//951 945//940
f 908//903 957//952 912//907
f 955//950 956//951 954//949
f 961//956 960//955 956//951
f 954//949 961//956 955//950
f 963//958 962//957 960//955
f 964//959 962//957 963//958
f 964//959 968//963 962//957
f 969//964 967//962 968//963
f 970//965 968//963 964//959
f 971//966 969//964 968//963
f 972//967 975//970 967//962
f 972//967 973//968 975//970
f 976//971 913//908 920//915
f 913//908 970//965 977//972
f 982//977 973//968 972//967
f 979//974 972//967 971//966
f 980//975 972//967 979//974
f 921//916 980//975 978//973
f 986//981 985//980 980//975
f 984//979 983//978 974//969
f 986//981 990//985 985//980
f 993//988 989//984 990//985
f 897//892 994//989 995//990
f 993//988 994//989 989//984
f 996//991 923//918 919//914
f 925//920 997//992 919//914
f 999//994 992//987 991//986
f 997//992 999//994 991//986
f 1001//996 897//892 995//990
f 892//887 894//889 1004//999
f 1000//995 993//988 992//987
f 1008//1003 1005//1000 1001//996
f 1009//1004 1007//1002 993//988
f 1010//1005 1009//1004 1000//995
f 669//668 1013//1008 670//669
f 670//669 1013//1008 1014//1009
f 1012//1007 667//666 671//670
f 1013//1008 1012//1007 1014//1009
f 1018//1013 1016//1011 1017//1012
f 1014//1009 1016//1011 1019//1014
f 1012//1007 671//670 679//678
f 1014//1009 1019//1014 1020//1015
f 1023//1018 689//688 1021//1016
f 1012//1007 679//678 1025//1020
f 1015//1010 1012//1007 1025//1020
f 1017//1012 1016//1011 1026//1021
f 1019//1014 1018//1013 1028//1023
f 1020//1015 683//682 1014//1009
f 1023//1018 1022//1017 1029//1024
f 1030//1025 1024//1019 1023//1018
f 625//624 1033//1028 1031//1026
f 1033//1028 1036//1031 1037//1032
f 709//708 1032//1027 725//724
f 1035//1030 1038//1033 1041//1036
f 1048//1043 730//729 1045//1040
f 1047//1042 1048//1043 1045//1040
f 1050//1045 1046//1041 1043//1038
f 1047//1042 1051//1046 1052//1047
f 1055//1050 738//737 1049//1044
f 1056//1051 1055//1050 1054//1049
f 1058//1053 1056//1051 1059//1054
f 1049//1044 732//731 1048//1043
f 1054//1049 1049//1044 1052//1047
f 1060//1055 1054//1049 1052//1047
f 1061//1056 1054//1049 1060//1055
f 1056//1051 1054//1049 1059//1054
f 1025//1020 679//678 746//745
f 1059//1054 1057//1052 1058//1053
f 740//739 1057//1052 1063//1058
f 1066//1061 1068//1063 1064//1059
f 1069//1064 1025//1020 1067//1062
f 1072//1067 1069//1064 1067//1062
f 1076//1071 1028//1023 1070//1065
f 1076//1071 1071//1066 1078//1073
f 1077//1072 1076//1071 1078//1073
f 1079//1074 1077//1072 1078//1073
f 1071//1066 1073//1068 1075//1070
f 1085//1080 768//767 1084//1079
f 769//768 1085//1080 1086//1081
f 1086//1081 1087//1082 1079//1074
f 1090//1085 1088//1083 1089//1084
f 1086//1081 775//774 769//768
f 1088//1083 1090//1085 1086//1081
f 1096//1089 584//583 1094//1087
f 1097//1090 310//310 1095//1088
f 1099//1092 1097//1090 1095//1088
f 1099//1092 1101//1094 1097//1090
f 1100//1093 1101//1094 1103//1096
f 1106//1099 320//320 319//319
f 1107//1100 311//311 1106//1099
f 1109//1102 1107//1100 1110//1103
f 1113//1106 1102//1095 1099//1092
f 1115//1108 1108//1101 1111//1104
f 1116//1109 1113//1106 1108//1101
f 1117//1110 1115//1108 1114//1107
f 327//327 1118//1111 326//326
f 1119//1112 1118//1111 1120//1113
f 1118//1111 1122//1115 1112//1105
f 1122//1115 1118//1111 1119//1112
f 1122//1115 1123//1116 1112//1105
f 332//332 1120//1113 327//327
f 1126//1119 1119//1112 1120//1113
f 1125//1118 1119//1112 1126//1119
f 1119//1112 1124//1117 1122//1115
f 336//336 342//342 334//334
f 1132//1125 1130//1123 1131//1124
f 1134//1127 1131//1124 1128//1121
f 1133//1126 1131//1124 1134//1127
f 1135//1128 1133//1126 1134//1127
f 1140//1133 1126//1119 1138//1131
f 1138//1131 1132//1125 1133//1126
f 1139//1132 1138//1131 1133//1126
f 1139//1132 1133//1126 1135//1128
f 1141//1134 1139//1132 1135//1128
f 1142//1135 1125//1118 1140//1133
f 1100//1093 1146//1139 1105//1098
f 1100//1093 1103//1096 1148//1141
f 1100//1093 1151//1144 1146//1139
f 1152//1145 1116//1109 1115//1108
f 1155//1148 1153//1146 1152//1145
f 1145//1138 1143//1136 1156//1149
f 1140//1133 1156//1149 1143//1136
f 1144//1137 1157//1150 1143//1136
f 1157//1150 1156//1149 1143//1136
f 1156//1149 1145//1138 1158//1151
f 1160//1153 1162//1155 1158//1151
f 1158//1151 1162//1155 1163//1156
f 1153//1146 1165//1158 1149//1142
f 1155//1148 1165//1158 1153//1146
f 1170//1163 1171//1164 1169//1162
f 1175//1168 1174//1167 1176//1169
f 1176//1169 1174//1167 1166//1159
f 1166//1159 1177//1170 1176//1169
f 1155//1148 1179//1172 1177//1170
f 1179//1172 1181//1174 1177//1170
f 1182//1175 1185//1178 1184//1177
f 1187//1180 1184//1177 1186//1179
f 1195//1188 1188//1181 1196//1189
f 1205//1198 1203//1196 1206//1199
f 1206//1199 1207//1200 1208//1201
f 1207//1200 1209//1202 1210//1203
f 1212//1205 1200//1193 1201//1194
f 1214//1207 1201//1194 1213//1206
f 1216//1209 1213//1206 1215//1208
f 1220//1213 1211//1204 1222//1215
f 1222//1215 1221//1214 1223//1216
f 1223//1216 1219//1212 1224//1217
f 1223//1216 1224//1217 1226//1219
f 1226//1219 1230//1223 1232//1225
f 1234//1227 1233//1226 1240//1233
f 1241//1234 1237//1230 1239//1232
f 1241//1234 1239//1232 1242//1235
f 1254//1247 1251//1244 1255//1248
f 1255//1248 1257//1250 1258//1251
f 1261//1254 1253//1246 1256//1249
f 1264//1257 1259//1252 1267//1260
f 1267//1260 1265//1258 1268//1261
f 1272//1265 1270//1263 1271//1264
f 1268//1261 1260//1253 1275//1268
f 1268//1261 1275//1268 1277//1270
f 1283//1276 1282//1275 1284//1277
f 1186//1179 1185//1178 1290//1283
f 1290//1283 1182//1175 1287//1280
f 1291//1284 1186//1179 1290//1283
f 1199//1192 1294//1287 1198//1191
f 1292//1285 1192//1185 1294//1287
f 1295//1288 1296//1289 1294//1287
f 1293//1286 1292//1285 1296//1289
f 1314//1307 1293//1286 1300//1293
f 1189//1182 1291//1284 1298//1291
f 1209//1202 1297//1290 1298//1291
f 1298//1291 1291//1284 1303//1296
f 1299//1292 1211//1204 1209//1202
f 1299//1292 1209//1202 1298//1291
f 1212//1205 1295//1288 1199//1192
f 1295//1288 1212//1205 1214//1207
f 1218//1211 1295//1288 1214//1207
f 1295//1288 1218//1211 1216//1209
f 1229//1222 1216//1209 1217//1210
f 1229//1222 1296//1289 1295//1288
f 1300//1293 1293//1286 1296//1289
f 1231//1224 1299//1292 1302//1295
f 1303//1296 1299//1292 1298//1291
f 1236//1229 1302//1295 1304//1297
f 1304//1297 1302//1295 1303//1296
f 1229//1222 1227//1220 1228//1221
f 1301//1294 1229//1222 1238//1231
f 1244//1237 1301//1294 1238//1231
f 1241//1234 1244//1237 1238//1231
f 1301//1294 1244//1237 1261//1254
f 1305//1298 1300//1293 1301//1294
f 1246//1239 1261//1254 1245//1238
f 1303//1296 1249//1242 1304//1297
f 1259//1252 1303//1296 1260//1253
f 1261//1254 1262//1255 1263//1256
f 1274//1267 1305//1298 1261//1254
f 1274//1267 1263//1256 1269//1262
f 1274//1267 1272//1265 1273//1266
f 1306//1299 1274//1267 1307//1300
f 1276//1269 1260//1253 1278//1271
f 1285//1278 1273//1266 1283//1276
f 1285//1278 1306//1299 1307//1300
f 1316//1309 1300//1293 1308//1301
f 1309//1302 1288//1281 1289//1282
f 1314//1307 1318//1311 1293//1286
f 1316//1309 1314//1307 1300//1293
f 1634//1627 1303//1296 1317//1310
f 1318//1311 1312//1305 1293//1286
f 1314//1307 1321//1314 1318//1311
f 1328//1321 1327//1320 1326//1319
f 1325//1318 1323//1316 1329//1322
f 1316//1309 1329//1322 1314//1307
f 1332//1325 1329//1322 1316//1309
f 1335//1328 1333//1326 1334//1327
f 1338//1331 1313//1306 1337//1330
f 1313//1306 1333//1326 1339//1332
f 1344//1337 1334//1327 1315//1308
f 1343//1336 1345//1338 1344//1337
f 1345//1338 1342//1335 1336//1329
f 1346//1339 1352//1345 1345//1338
f 1352//1345 1351//1344 1342//1335
f 1348//1341 1346//1339 1343//1336
f 1349//1342 1352//1345 1348//1341
f 1349//1342 1354//1347 1352//1345
f 1347//1340 1354//1347 1348//1341
f 1311//1304 1338//1331 1357//1350
f 1338//1331 1358//1351 1359//1352
f 1362//1355 1357//1350 1360//1353
f 1363//1356 1361//1354 1355//1348
f 1366//1359 1321//1314 1314//1307
f 1356//1349 1363//1356 1355//1348
f 1370//1363 1362//1355 1363//1356
f 1366//1359 1369//1362 1363//1356
f 1367//1360 1314//1307 1322//1315
f 1370//1363 1372//1365 1362//1355
f 1320//1313 1365//1358 1373//1366
f 1375//1368 1376//1369 1373//1366
f 1367//1360 1370//1363 1368//1361
f 1379//1372 1378//1371 1375//1368
f 1382//1375 1317//1310 1381//1374
f 1378//1371 1385//1378 1375//1368
f 1386//1379 1383//1376 1381//1374
f 1392//1385 1383//1376 1386//1379
f 1393//1386 1386//1379 1378//1371
f 1393//1386 1392//1385 1386//1379
f 1391//1384 1394//1387 1393//1386
f 1389//1382 1397//1390 1391//1384
f 1326//1319 1382//1375 1398//1391
f 1382//1375 1399//1392 1398//1391
f 1401//1394 1399//1392 1382//1375
f 1402//1395 1398//1391 1399//1392
f 1397//1390 1395//1388 1394//1387
f 1403//1396 1401//1394 1395//1388
f 1326//1319 1407//1400 1408//1401
f 1404//1397 1398//1391 1402//1395
f 1412//1405 1325//1318 1330//1323
f 1412//1405 1413//1406 1405//1398
f 1415//1408 1409//1402 1405//1398
f 1419//1412 1416//1409 1417//1410
f 1414//1407 1417//1410 1330//1323
f 1331//1324 1420//1413 1414//1407
f 1421//1414 1328//1321 1406//1399
f 1422//1415 1328//1321 1421//1414
f 1416//1409 1406//1399 1410//1403
f 1423//1416 1421//1414 1416//1409
f 1426//1419 1425//1418 1416//1409
f 1433//1426 1427//1420 1426//1419
f 1433//1426 1428//1421 1427//1420
f 1429//1422 1432//1425 1430//1423
f 1432//1425 1433//1426 1429//1422
f 1434//1427 1433//1426 1432//1425
f 1332//1325 1434//1427 1429//1422
f 582//581 581//580 1436//1429
f 1438//1431 1435//1428 1096//1089
f 1436//1429 1435//1428 1439//1432
f 1437//1430 1439//1432 1440//1433
f 1438//1431 1100//1093 1439//1432
f 1444//1437 591//590 1437//1430
f 1448//1441 1444//1437 1447//1440
f 1447//1440 1449//1442 1450//1443
f 1447//1440 1450//1443 1452//1445
f 599//598 1453//1446 600//599
f 1453//1446 598//597 1445//1438
f 1445//1438 1444//1437 1448//1441
f 1123//1116 1455//1448 1448//1441
f 1124//1117 1456//1449 1123//1116
f 610//609 600//599 1458//1451
f 611//610 609//608 1458//1451
f 1460//1453 1458//1451 1457//1450
f 1460//1453 1457//1450 1456//1449
f 1461//1454 1456//1449 1463//1456
f 1127//1120 1465//1458 1463//1456
f 1466//1459 1464//1457 1467//1460
f 552//551 612//611 1473//1466
f 1473//1466 611//610 1459//1452
f 1473//1466 1459//1452 1468//1461
f 1476//1469 624//623 1475//1468
f 1478//1471 627//626 1476//1469
f 1479//1472 1477//1470 628//627
f 1476//1469 1475//1468 1480//1473
f 1476//1469 1480//1473 1481//1474
f 1467//1460 1127//1120 1142//1135
f 1477//1470 1479//1472 1469//1462
f 1477//1470 1467//1460 1480//1473
f 1484//1477 1487//1480 1488//1481
f 1486//1479 1472//1465 1469//1462
f 1492//1485 1485//1478 1479//1472
f 1491//1484 1492//1485 1479//1472
f 1492//1485 1486//1479 1485//1478
f 1443//1436 1105//1098 1494//1487
f 1495//1488 1146//1139 1496//1489
f 1496//1489 1105//1098 1498//1491
f 1493//1486 1495//1488 1499//1492
f 1497//1490 1450//1443 1442//1435
f 1452//1445 1451//1444 1450//1443
f 1497//1490 1503//1496 1450//1443
f 1452//1445 1450//1443 1503//1496
f 1451//1444 1452//1445 1504//1497
f 1504//1497 1117//1110 1502//1495
f 1503//1496 1505//1498 1504//1497
f 1505//1498 1507//1500 1504//1497
f 1509//1502 1508//1501 1472//1465
f 1489//1482 1488//1481 1512//1505
f 1484//1477 1487//1480 1514//1507
f 1488//1481 1487//1480 1514//1507
f 1513//1506 1509//1502 1472//1465
f 1487//1480 1490//1483 1515//1508
f 1488//1481 1514//1507 1516//1509
f 1515//1508 1490//1483 1158//1151
f 1516//1509 1514//1507 1515//1508
f 1472//1465 1518//1511 1513//1506
f 1521//1514 1522//1515 1500//1493
f 1500//1493 1522//1515 1501//1494
f 1523//1516 1500//1493 1501//1494
f 1524//1517 1496//1489 1498//1491
f 1498//1491 1151//1144 1148//1141
f 1525//1518 1528//1521 1527//1520
f 1530//1523 1527//1520 1529//1522
f 1524//1517 1498//1491 1529//1522
f 1528//1521 1524//1517 1529//1522
f 1498//1491 1148//1141 1175//1168
f 1535//1528 1532//1525 1534//1527
f 1535//1528 1538//1531 1539//1532
f 1538//1531 1537//1530 1539//1532
f 1542//1535 1506//1499 1540//1533
f 1504//1497 1507//1500 1167//1160
f 1544//1537 1507//1500 1505//1498
f 1541//1534 1523//1516 1501//1494
f 1520//1513 1515//1508 1519//1512
f 1517//1510 1516//1509 1520//1513
f 1556//1549 1520//1513 1558//1551
f 1557//1550 1556//1549 1558//1551
f 1558//1551 1171//1164 1173//1166
f 1562//1555 1529//1522 1561//1554
f 1563//1556 1531//1524 1562//1555
f 1565//1558 1563//1556 1564//1557
f 1175//1168 1178//1171 1566//1559
f 1175//1168 1176//1169 1178//1171
f 1564//1557 1562//1555 1566//1559
f 1539//1532 1537//1530 1565//1558
f 1567//1560 1564//1557 1568//1561
f 1564//1557 1178//1171 1181//1174
f 1180//1173 1167//1160 1547//1540
f 1547//1540 1568//1561 1180//1173
f 1553//1546 1569//1562 1567//1560
f 1518//1511 1570//1563 1555//1548
f 1468//1461 1510//1503 1554//1547
f 1571//1564 1570//1563 1518//1511
f 1470//1463 1511//1504 1572//1565
f 534//534 1474//1467 1574//1567
f 487//487 534//534 1574//1567
f 1474//1467 1468//1461 1574//1567
f 535//535 1575//1568 542//542
f 1486//1479 1576//1569 1513//1506
f 510//510 508//508 542//542
f 1577//1570 1572//1565 1570//1563
f 1571//1564 1578//1571 1570//1563
f 487//487 1574//1567 538//538
f 1579//1572 1578//1571 1571//1564
f 1573//1566 1554//1547 1510//1503
f 1577//1570 1573//1566 1572//1565
f 1579//1572 1580//1573 1577//1570
f 1576//1569 1579//1572 1571//1564
f 1281//1274 1581//1574 1582//1575
f 1586//1579 1588//1581 1583//1576
f 1574//1567 1554//1547 1594//1587
f 1594//1587 1585//1578 1583//1576
f 1595//1588 1599//1592 1597//1590
f 1576//1569 1593//1586 1587//1580
f 1603//1596 1593//1586 1602//1595
f 1559//1552 1607//1600 1560//1553
f 1602//1595 1576//1569 1560//1553
f 1607//1600 1602//1595 1560//1553
f 1612//1605 1602//1595 1607//1600
f 1616//1609 1601//1594 1617//1610
f 1610//1603 1616//1609 1617//1610
f 1619//1612 1615//1608 1618//1611
f 1592//1585 1286//1279 1591//1584
f 1592//1585 1306//1299 1285//1278
f 1598//1591 1594//1587 1633//1626
f 1594//1587 1598//1591 1636//1629
f 1574//1567 1598//1591 1638//1631
f 538//538 1638//1631 1639//1632
f 1639//1632 1641//1634 1642//1635
f 1601//1594 1643//1636 1644//1637
f 1635//1628 1592//1585 1593//1586
f 1605//1598 1647//1640 1604//1597
f 1647//1640 1605//1598 1645//1638
f 1612//1605 1613//1606 1606//1599
f 1651//1644 1614//1607 1623//1616
f 2024//2013 1606//1599 1652//1645
f 2027//2016 1651//1644 1654//1647
f 1627//1620 1626//1619 1653//1646
f 1627//1620 1644//1637 1655//1648
f 2029//2018 1644//1637 1685//1678
f 1655//1648 1632//1625 1627//1620
f 1640//1633 1636//1629 1657//1650
f 1598//1591 1633//1626 1656//1649
f 1657//1650 1598//1591 1656//1649
f 1659//1652 1647//1640 1648//1641
f 1660//1653 1646//1639 1647//1640
f 1663//1656 1650//1643 1651//1644
f 1637//1630 1642//1635 1668//1661
f 1644//1637 1643//1636 1665//1658
f 1661//1654 1663//1656 1651//1644
f 1658//1651 1640//1633 1657//1650
f 1658//1651 1657//1650 1670//1663
f 1667//1660 1664//1657 1671//1664
f 1667//1660 1671//1664 1668//1661
f 1652//1645 1650//1643 1662//1655
f 1685//1678 1644//1637 1665//1658
f 1672//1665 1657//1650 1675//1668
f 1674//1667 1673//1666 1676//1669
f 1668//1661 1674//1667 1669//1662
f 1327//1320 1634//1627 1317//1310
f 1656//1649 1327//1320 1328//1321
f 1666//1659 1332//1325 1316//1309
f 1665//1658 1669//1662 1678//1671
f 1680//1673 1660//1653 1679//1672
f 2050//2039 2027//2016 2064//2053
f 1686//1679 1685//1678 1678//1671
f 1687//1680 1328//1321 1422//1415
f 1428//1421 1688//1681 1427//1420
f 1690//1683 1332//1325 1666//1659
f 1691//1684 1690//1683 1682//1675
f 1692//1685 1689//1682 1687//1680
f 1431//1424 1428//1421 1433//1426
f 1694//1687 1692//1685 1428//1421
f 1696//1689 1695//1688 1692//1685
f 1699//1692 1675//1668 1698//1691
f 1699//1692 1698//1691 1693//1686
f 1676//1669 1699//1692 1700//1693
f 1701//1694 1674//1667 1700//1693
f 1703//1696 1702//1695 1695//1688
f 1697//1690 1703//1696 1696//1689
f 1703//1696 1701//1694 1702//1695
f 1705//1698 1678//1671 1669//1662
f 1669//1662 1701//1694 1706//1699
f 1704//1697 1706//1699 1701//1694
f 1680//1673 1708//1701 1682//1675
f 1707//1700 1697//1690 1682//1675
f 1710//1703 1708//1701 1681//1674
f 1711//1704 1707//1700 1684//1677
f 1711//1704 1684//1677 1663//1656
f 1712//1705 1663//1656 1661//1654
f 1711//1704 1703//1696 1697//1690
f 1712//1705 1713//1706 1711//1704
f 1714//1707 1718//1711 1717//1710
f 1718//1711 1722//1715 1705//1698
f 1726//1719 1721//1714 1724//1717
f 1721//1714 1726//1719 1686//1679
f 1129//1122 336//336 695//694
f 1730//1723 701//700 1729//1722
f 1733//1726 1136//1129 1730//1723
f 1733//1726 1730//1723 1731//1724
f 711//710 1736//1729 1734//1727
f 1738//1731 1737//1730 1735//1728
f 1735//1728 1737//1730 1141//1134
f 1736//1729 1739//1732 1734//1727
f 1144//1137 1139//1132 1737//1730
f 1740//1733 1737//1730 1739//1732
f 1741//1734 1740//1733 1742//1735
f 729//728 1746//1738 720//719
f 1752//1744 711//710 725//724
f 1749//1741 1745//1737 1753//1745
f 1757//1749 1755//1747 1754//1746
f 1751//1743 1758//1750 1755//1747
f 735//734 1747//1739 1760//1752
f 735//734 1759//1751 1756//1748
f 737//736 1764//1756 736//735
f 1764//1756 1767//1759 736//735
f 1763//1755 1766//1758 1765//1757
f 1763//1755 1765//1757 1764//1756
f 1768//1760 1763//1755 1764//1756
f 743//742 1769//1761 742//741
f 1770//1762 743//742 741//740
f 1775//1767 750//749 747//746
f 1777//1769 748//747 1776//1768
f 1773//1765 750//749 1775//1767
f 1778//1770 1776//1768 1774//1766
f 1770//1762 1773//1765 1769//1761
f 1778//1770 1782//1774 1781//1773
f 1784//1776 1785//1777 1783//1775
f 1779//1771 1785//1777 1780//1772
f 1781//1773 1785//1777 1779//1771
f 1785//1777 1781//1773 1783//1775
f 1787//1779 1785//1777 1784//1776
f 1791//1783 1784//1776 1789//1781
f 1790//1782 1793//1785 1791//1783
f 1797//1789 1790//1782 772//771
f 1797//1789 772//771 773//772
f 1797//1789 1793//1785 1790//1782
f 1795//1787 1793//1785 1797//1789
f 1797//1789 1800//1792 1795//1787
f 1804//1796 1741//1734 1742//1735
f 1802//1794 1157//1150 1144//1137
f 1159//1152 1157//1150 1802//1794
f 1805//1797 1804//1796 1742//1735
f 1805//1797 1804//1796 1741//1734
f 1803//1795 1807//1799 1806//1798
f 1805//1797 1807//1799 1804//1796
f 1808//1800 1809//1801 1164//1157
f 1811//1803 1780//1772 1786//1778
f 1812//1804 1786//1778 1787//1779
f 1807//1799 1809//1801 1808//1800
f 1810//1802 1809//1801 1807//1799
f 1809//1801 1170//1163 1164//1157
f 1809//1801 1810//1802 1814//1806
f 1814//1806 1170//1163 1809//1801
f 1814//1806 1816//1808 1172//1165
f 1812//1804 1811//1803 1786//1778
f 1819//1811 1812//1804 1788//1780
f 1813//1805 1818//1810 1796//1788
f 1821//1813 1811//1803 1812//1804
f 1822//1814 1823//1815 1821//1813
f 1822//1814 1821//1813 1818//1810
f 1834//1824 1833//1823 1832//1822
f 2025//2014 1826//1818 1835//1825
f 1826//1818 2025//2014 1825//1817
f 1835//1825 1826//1818 1827//1819
f 1835//1825 1829//1820 1836//1826
f 1829//1820 1835//1825 1827//1819
f 1836//1826 1829//1820 1830//1821
f 1833//1823 1836//1826 1830//1821
f 1838//1828 2030//2019 1649//1642
f 1832//1822 1838//1828 1834//1824
f 1838//1828 1832//1822 1837//1827
f 1842//1832 1834//1824 1838//1828
f 1843//1833 1840//1830 1846//1836
f 1844//1834 1838//1828 2063//2052
f 1847//1837 1848//1838 2053//2042
f 1843//1833 1847//1837 1659//1652
f 1848//1838 1847//1837 1843//1833
f 1844//1834 2063//2052 1851//1841
f 1858//1848 1849//1839 1859//1849
f 1848//1838 1859//1849 1849//1839
f 1860//1850 1852//1842 1853//1843
f 1864//1854 1036//1031 1478//1471
f 1037//1032 1864//1854 1863//1853
f 1865//1855 1863//1853 1868//1858
f 1867//1857 1866//1856 1870//1860
f 1870//1860 1869//1859 1867//1857
f 1871//1861 1742//1735 1869//1859
f 1872//1862 1041//1036 1044//1039
f 1874//1864 1042//1037 1873//1863
f 1876//1866 1050//1045 1874//1864
f 1875//1865 1053//1048 1877//1867
f 1765//1757 1873//1863 1758//1750
f 1878//1868 1874//1864 1873//1863
f 1878//1868 1876//1866 1874//1864
f 1768//1760 1766//1758 1763//1755
f 1053//1048 1876//1866 1875//1865
f 1879//1869 1878//1868 1768//1760
f 1875//1865 1876//1866 1877//1867
f 1765//1757 1878//1868 1874//1864
f 1052//1047 1877//1867 1054//1049
f 1054//1049 1877//1867 1882//1872
f 1060//1055 1882//1872 1881//1871
f 1060//1055 1881//1871 1062//1057
f 1881//1871 1882//1872 1885//1875
f 1772//1764 1884//1874 1771//1763
f 1066//1061 1062//1057 1888//1878
f 1066//1061 1888//1878 1068//1063
f 1890//1880 1773//1765 1775//1767
f 1889//1879 1892//1882 1779//1771
f 1887//1877 1894//1884 1890//1880
f 1074//1069 1893//1883 1897//1887
f 1074//1069 1897//1887 1896//1886
f 1897//1887 1893//1883 1900//1890
f 1899//1889 1900//1890 1902//1892
f 1906//1896 1082//1077 1905//1895
f 1904//1894 1898//1888 1901//1891
f 1904//1894 1901//1891 1905//1895
f 1905//1895 1901//1891 1907//1897
f 1901//1891 1902//1892 1909//1899
f 1902//1892 1903//1893 1910//1900
f 1911//1901 1089//1084 1906//1896
f 1908//1898 1906//1896 1907//1897
f 1911//1901 1908//1898 1914//1904
f 1801//1793 1913//1903 1799//1791
f 1913//1903 1912//1902 1800//1792
f 1912//1902 1913//1903 1801//1793
f 1801//1793 1914//1904 1912//1902
f 1091//1086 1917//1907 775//774
f 1918//1908 1911//1901 1914//1904
f 1918//1908 1090//1085 1911//1901
f 1920//1910 1805//1797 1871//1861
f 1870//1860 1922//1912 1921//1911
f 1922//1912 1517//1510 1923//1913
f 1921//1911 1924//1914 1805//1797
f 1900//1890 1895//1885 1925//1915
f 1923//1913 1557//1550 1927//1917
f 1927//1917 1928//1918 1817//1809
f 1927//1917 1557//1550 1928//1918
f 1817//1809 1815//1807 1927//1917
f 1817//1809 1928//1918 1173//1166
f 1903//1893 1929//1919 1930//1920
f 1910//1900 1903//1893 1930//1920
f 1929//1919 1925//1915 1926//1916
f 1926//1916 1824//1816 1813//1805
f 1931//1921 1823//1815 1824//1816
f 1630//1623 1628//1621 1938//1927
f 1937//1926 1629//1622 1939//1928
f 1944//1933 1939//1928 1942//1931
f 1950//1939 1948//1937 1952//1941
f 1952//1941 1955//1944 1956//1945
f 1962//1951 1961//1950 1963//1952
f 1975//1964 1973//1962 1976//1965
f 1976//1965 1978//1967 1979//1968
f 1979//1968 1980//1969 1981//1970
f 1984//1973 1977//1966 1983//1972
f 1987//1976 1983//1972 1986//1975
f 1997//1986 1994//1983 1995//1984
f 1996//1985 1999//1988 2001//1990
f 2009//1998 2007//1996 2010//1999
f 2003//1992 2002//1991 2008//1997
f 2020//2009 2019//2008 2017//2006
f 2024//2013 1932//1922 1606//1599
f 1647//1640 1933//1923 2025//2014
f 1933//1923 1647//1640 1645//1638
f 2025//2014 1933//1923 1825//1817
f 2022//2011 2024//2013 2023//2012
f 2030//2019 2024//2013 1649//1642
f 1937//1926 1623//1616 1624//1617
f 1936//1925 1937//1926 1624//1617
f 1937//1926 1654//1647 1623//1616
f 1937//1926 1941//1930 1944//1933
f 1945//1934 2026//2015 1937//1926
f 2027//2016 1654//1647 2026//2015
f 1956//1945 1655//1648 2028//2017
f 2030//2019 2023//2012 2024//2013
f 2023//2012 2030//2019 1837//1827
f 1945//1934 1954//1943 1962//1951
f 1963//1952 2031//2020 1962//1951
f 2026//2015 1945//1934 2031//2020
f 2032//2021 2026//2015 2031//2020
f 2027//2016 2026//2015 2033//2022
f 1967//1956 2032//2021 1963//1952
f 2032//2021 1967//1956 1969//1958
f 1970//1959 2032//2021 1969//1958
f 1984//1973 2033//2022 2032//2021
f 2064//2053 2027//2016 2041//2030
f 1959//1948 2028//2017 2029//2018
f 2034//2023 1974//1963 2029//2018
f 2035//2024 1982//1971 2034//2023
f 2035//2024 2034//2023 2029//2018
f 1971//1960 1984//1973 1970//1959
f 1984//1973 1985//1974 1987//1976
f 1988//1977 2033//2022 1984//1973
f 2036//2025 2040//2029 2033//2022
f 2040//2029 2041//2030 2027//2016
f 1997//1986 1988//1977 1998//1987
f 2000//1989 2035//2024 2002//1991
f 2002//1991 2035//2024 2037//2026
f 2037//2026 2035//2024 2029//2018
f 1988//1977 1997//1986 2006//1995
f 2036//2025 1988//1977 2039//2028
f 2012//2001 2006//1995 2009//1998
f 2012//2001 2036//2025 2039//2028
f 2012//2001 2013//2002 2018//2007
f 2043//2032 2018//2007 2019//2008
f 2043//2032 2040//2029 2012//2001
f 2044//2033 2020//2009 2042//2031
f 2044//2033 2042//2031 2045//2034
f 2021//2010 2020//2009 2044//2033
f 1648//1641 1836//1826 1659//1652
f 2029//2018 1685//1678 2037//2026
f 2070//2059 2064//2053 2041//2030
f 2038//2027 2037//2026 2072//2061
f 2042//2031 2046//2035 2045//2034
f 2044//2033 2045//2034 2047//2036
f 2049//2038 2043//2032 2021//2010
f 2021//2010 2047//2036 2049//2038
f 2048//2037 2046//2035 2042//2031
f 1847//1837 2053//2042 1679//1672
f 1679//1672 1659//1652 1847//1837
f 2055//2044 1677//1670 1681//1674
f 2055//2044 2052//2041 1677//1670
f 2056//2045 2053//2042 1850//1840
f 2058//2047 1661//1654 2050//2039
f 2059//2048 2058//2047 2050//2039
f 2062//2051 1685//1678 1686//1679
f 1855//1845 1851//1841 2054//2043
f 2066//2055 2061//2050 2062//2051
f 2065//2054 2064//2053 2069//2058
f 2037//2026 1685//1678 2072//2061
f 2074//2063 1683//1676 2056//2045
f 2075//2064 2056//2045 1850//1840
f 2077//2066 1719//1712 1715//1708
f 2079//2068 2078//2067 1719//1712
f 2080//2069 2058//2047 2059//2048
f 2082//2071 1725//1718 1720//1713
f 2078//2067 2082//2071 1720//1713
f 2085//2074 2083//2072 2082//2071
f 2078//2067 2084//2073 2082//2071
f 2080//2069 2084//2073 2078//2067
f 2086//2075 1686//1679 1721//1714
f 2087//2076 1686//1679 2086//2075
f 2085//2074 1727//1720 2083//2072
f 2089//2078 2086//2075 1727//1720
f 2090//2079 2086//2075 2089//2078
f 2088//2077 2091//2080 2085//2074
f 2095//2084 2093//2082 2092//2081
f 2093//2082 2097//2086 2087//2076
f 2062//2051 2099//2088 2098//2087
f 2099//2088 2098//2087 2097//2086
f 2100//946 1858//1848 1855//1845
f 2094//2083 2095//2084 2092//2081
f 2060//2049 2094//2083 2088//2077
f 2102//2090 2103//2091 2101//2089
f 2109//2097 2107//2095 2106//2094
f 2103//2091 2108//2096 2102//2090
f 2108//2096 2109//2097 2106//2094
f 2104//2092 2108//2096 2102//2090
f 2105//2093 2110//2098 2104//2092
f 2096//2085 2112//2100 2113//2101
f 2114//2102 2112//2100 2096//2085
f 2120//2108 2117//2105 2115//2103
f 2066//2055 2113//2101 2116//2104
f 2122//2110 2121//2109 2118//2106
f 2123//2111 2122//2110 2118//2106
f 2124//2112 2065//2054 2069//2058
f 2119//2107 2120//2108 2115//2103
f 2124//2112 2126//2114 2120//2108
f 2071//2060 2128//2116 2069//2058
f 2127//2115 2118//2106 2120//2108
f 2127//2115 2122//2110 2118//2106
f 2134//2122 2132//2120 2133//2121
f 2067//2056 2137//2125 2138//2126
f 2068//2057 2130//2118 2132//2120
f 2139//2127 2136//2124 2132//2120
f 2135//2123 2140//2128 2132//2120
f 2141//2129 2138//2126 2140//2128
f 2149//2137 2141//2129 2135//2123
f 2149//2137 2142//2130 2141//2129
f 2146//2134 2148//2136 2144//2132
f 2148//2136 2149//2137 2146//2134
f 2151//2139 2149//2137 2148//2136
f 2073//2062 2151//2139 2146//2134
f 2153//2141 2072//2061 2143//2131
f 2046//2035 2155//2143 2154//2142
f 2157//2145 2153//2141 2143//2131
f 2158//2146 2153//2141 2157//2145
f 2158//2146 2048//2037 2153//2141
f 2159//2147 2157//2145 2150//2138
f 2147//2135 2152//2140 2150//2138
f 2154//2142 2159//2147 2049//2038
f 3//3 2//2 1//1
f 4//4 1//1 3//3
f 5//5 3//3 4//4
f 5//5 8//8 6//6
f 7//7 4//4 1//1
f 2//2 11//11 9//9
f 11//11 2//2 10//10
f 10//10 12//12 11//11
f 9//9 11//11 13//13
f 13//13 12//12 14//14
f 10//10 3//3 5//5
f 16//16 18//18 15//15
f 15//15 5//5 6//6
f 18//18 10//10 15//15
f 20//20 14//14 17//17
f 20//20 17//17 18//18
f 20//20 18//18 21//21
f 6//6 8//8 22//22
f 16//16 6//6 22//22
f 24//24 16//16 23//23
f 27//27 24//24 25//25
f 22//22 24//24 23//23
f 28//28 29//29 25//25
f 21//21 19//19 32//32
f 33//33 19//19 26//26
f 34//34 26//26 27//27
f 31//31 19//19 33//33
f 35//35 33//33 34//34
f 37//37 33//33 35//35
f 35//35 34//34 38//38
f 32//32 31//31 21//21
f 37//37 38//38 31//31
f 41//41 29//29 30//30
f 36//36 34//34 40//40
f 43//43 41//41 39//39
f 40//40 44//44 36//36
f 45//45 40//40 43//43
f 46//46 47//47 42//42
f 48//48 39//39 42//42
f 45//45 43//43 48//48
f 45//45 48//48 50//50
f 53//53 44//44 45//45
f 54//54 53//53 45//45
f 54//54 55//55 53//53
f 56//56 50//50 49//49
f 57//57 54//54 45//45
f 57//57 45//45 56//56
f 59//59 57//57 56//56
f 60//60 55//55 57//57
f 60//60 57//57 59//59
f 60//60 59//59 61//61
f 58//58 49//49 51//51
f 58//58 59//59 56//56
f 63//63 65//65 62//62
f 63//63 52//52 62//62
f 67//67 64//64 66//66
f 61//61 64//64 69//69
f 68//68 66//66 70//70
f 74//74 64//64 67//67
f 74//74 67//67 76//76
f 76//76 67//67 75//75
f 69//69 74//74 61//61
f 76//76 77//77 74//74
f 75//75 67//67 68//68
f 79//79 71//71 72//72
f 80//80 68//68 78//78
f 78//78 82//82 80//80
f 75//75 68//68 77//77
f 77//77 80//80 85//85
f 83//83 84//84 86//86
f 80//80 86//86 85//85
f 88//88 89//89 87//87
f 81//81 79//79 73//73
f 90//90 73//73 87//87
f 92//92 78//78 81//81
f 92//92 81//81 90//90
f 92//92 90//90 91//91
f 84//84 83//83 92//92
f 95//95 92//92 93//93
f 96//96 84//84 92//92
f 98//98 95//95 97//97
f 96//96 95//95 99//99
f 98//98 97//97 100//100
f 96//96 99//99 84//84
f 101//101 103//103 1//1
f 101//101 2//2 104//104
f 104//104 2//2 102//102
f 102//102 2//2 9//9
f 105//105 5//5 4//4
f 8//8 105//105 107//107
f 13//13 14//14 108//108
f 25//25 113//113 28//28
f 111//111 108//108 20//20
f 108//108 112//112 109//109
f 24//24 22//22 113//113
f 113//113 25//25 24//24
f 29//29 115//115 30//30
f 114//114 113//113 8//8
f 114//114 107//107 120//120
f 47//47 119//119 49//49
f 38//38 116//116 111//111
f 112//112 122//122 110//110
f 115//115 39//39 30//30
f 44//44 117//117 116//116
f 46//46 39//39 118//118
f 118//118 47//47 46//46
f 63//63 125//125 65//65
f 120//120 119//119 115//115
f 121//121 119//119 120//120
f 51//51 49//49 119//119
f 121//121 52//52 51//51
f 122//122 112//112 117//117
f 55//55 123//123 117//117
f 61//61 124//124 123//123
f 123//123 124//124 122//122
f 63//63 52//52 121//121
f 124//124 74//74 77//77
f 120//120 125//125 121//121
f 70//70 65//65 125//125
f 71//71 70//70 126//126
f 126//126 72//72 71//71
f 127//127 73//73 72//72
f 89//89 130//130 94//94
f 77//77 86//86 124//124
f 86//86 129//129 122//122
f 88//88 73//73 130//130
f 130//130 89//89 88//88
f 86//86 131//131 129//129
f 99//99 131//131 128//128
f 132//132 13//13 133//133
f 129//129 136//136 122//122
f 109//109 133//133 13//13
f 7//7 103//103 134//134
f 137//137 106//106 7//7
f 134//134 101//101 135//135
f 132//132 135//135 101//101
f 102//102 132//132 104//104
f 110//110 133//133 109//109
f 138//138 106//106 137//137
f 134//134 135//135 137//137
f 107//107 7//7 138//138
f 147//147 148//148 152//152
f 142//142 133//133 110//110
f 143//143 138//138 139//139
f 143//143 139//139 141//141
f 143//143 120//120 107//107
f 145//145 143//143 149//149
f 150//150 145//145 151//151
f 158//158 150//150 156//156
f 154//154 153//153 155//155
f 120//120 143//143 145//145
f 155//155 148//148 136//136
f 157//157 145//145 150//150
f 135//135 166//166 137//137
f 136//136 159//159 154//154
f 450//450 145//145 157//157
f 165//165 166//166 135//135
f 166//166 168//168 167//167
f 169//169 170//170 139//139
f 169//169 139//139 138//138
f 132//132 133//133 172//172
f 173//173 172//172 133//133
f 174//174 173//173 140//140
f 172//172 165//165 132//132
f 165//165 172//172 168//168
f 175//175 173//173 174//174
f 172//172 175//175 168//168
f 140//140 177//177 176//176
f 140//140 178//178 174//174
f 167//167 179//179 171//171
f 179//179 170//170 169//169
f 168//168 180//180 167//167
f 175//175 180//180 168//168
f 179//179 182//182 181//181
f 180//180 175//175 178//178
f 174//174 178//178 175//175
f 178//178 183//183 180//180
f 183//183 184//184 180//180
f 178//178 176//176 183//183
f 184//184 183//183 176//176
f 184//184 176//176 177//177
f 184//184 177//177 185//185
f 141//141 181//181 186//186
f 144//144 141//141 186//186
f 141//141 139//139 181//181
f 179//179 181//181 170//170
f 144//144 186//186 187//187
f 186//186 188//188 187//187
f 187//187 189//189 144//144
f 144//144 191//191 193//193
f 182//182 190//190 188//188
f 190//190 191//191 187//187
f 185//185 192//192 182//182
f 192//192 191//191 190//190
f 146//146 144//144 193//193
f 146//146 193//193 194//194
f 189//189 191//191 144//144
f 177//177 142//142 185//185
f 147//147 196//196 195//195
f 195//195 196//196 197//197
f 142//142 195//195 185//185
f 185//185 195//195 192//192
f 198//198 195//195 197//197
f 197//197 199//199 198//198
f 200//200 152//152 201//201
f 200//200 196//196 147//147
f 147//147 152//152 200//200
f 193//193 191//191 194//194
f 194//194 202//202 146//146
f 203//203 199//199 205//205
f 203//203 204//204 194//194
f 205//205 204//204 203//203
f 196//196 206//206 199//199
f 206//206 201//201 199//199
f 196//196 200//200 206//206
f 201//201 207//207 205//205
f 146//146 204//204 208//208
f 149//149 146//146 208//208
f 149//149 208//208 210//210
f 202//202 204//204 146//146
f 208//208 204//204 210//210
f 210//210 211//211 149//149
f 210//210 204//204 212//212
f 205//205 212//212 204//204
f 211//211 209//209 149//149
f 212//212 211//211 210//210
f 207//207 213//213 212//212
f 213//213 214//214 212//212
f 214//214 215//215 212//212
f 151//151 149//149 209//209
f 151//151 209//209 216//216
f 215//215 216//216 209//209
f 213//213 152//152 217//217
f 152//152 213//213 207//207
f 153//153 154//154 219//219
f 218//218 217//217 148//148
f 148//148 153//153 218//218
f 218//218 153//153 220//220
f 153//153 219//219 221//221
f 213//213 217//217 218//218
f 220//220 222//222 214//214
f 153//153 221//221 220//220
f 221//221 223//223 222//222
f 223//223 221//221 219//219
f 151//151 216//216 224//224
f 156//156 151//151 224//224
f 219//219 154//154 226//226
f 227//227 224//224 216//216
f 215//215 227//227 216//216
f 224//224 227//227 225//225
f 223//223 219//219 226//226
f 229//229 230//230 227//227
f 158//158 156//156 231//231
f 156//156 224//224 225//225
f 225//225 233//233 156//156
f 158//158 231//231 232//232
f 233//233 231//231 156//156
f 228//228 234//234 225//225
f 234//234 231//231 233//233
f 230//230 234//234 228//228
f 231//231 234//234 232//232
f 232//232 235//235 158//158
f 154//154 236//236 226//226
f 226//226 230//230 229//229
f 226//226 236//236 230//230
f 238//238 236//236 237//237
f 236//236 159//159 237//237
f 159//159 240//240 239//239
f 159//159 239//239 237//237
f 241//241 242//242 243//243
f 237//237 242//242 238//238
f 243//243 244//244 241//241
f 245//245 246//246 242//242
f 246//246 247//247 242//242
f 245//245 239//239 246//246
f 239//239 240//240 246//246
f 246//246 240//240 247//247
f 161//161 158//158 248//248
f 161//161 248//248 249//249
f 235//235 248//248 158//158
f 241//241 244//244 232//232
f 244//244 249//249 248//248
f 249//249 250//250 161//161
f 249//249 244//244 251//251
f 243//243 251//251 244//244
f 254//254 164//164 257//257
f 251//251 250//250 249//249
f 247//247 252//252 251//251
f 252//252 253//253 251//251
f 240//240 252//252 247//247
f 254//254 240//240 160//160
f 256//256 255//255 162//162
f 164//164 255//255 257//257
f 252//252 240//240 254//254
f 252//252 254//254 257//257
f 259//259 255//255 256//256
f 257//257 255//255 258//258
f 255//255 259//259 258//258
f 261//261 260//260 265//265
f 261//261 266//266 260//260
f 261//261 262//262 266//266
f 262//262 267//267 266//266
f 270//270 263//263 264//264
f 269//269 266//266 267//267
f 264//264 261//261 271//271
f 265//265 271//271 261//261
f 265//265 273//273 271//271
f 302//302 263//263 270//270
f 302//302 270//270 275//275
f 273//273 276//276 274//274
f 265//265 266//266 268//268
f 277//277 265//265 268//268
f 268//268 269//269 278//278
f 278//278 280//280 279//279
f 282//282 283//283 285//285
f 284//284 287//287 283//283
f 292//292 290//290 285//285
f 294//294 291//291 293//293
f 288//288 292//292 285//285
f 292//292 295//295 284//284
f 295//295 297//297 296//296
f 298//298 296//296 297//297
f 293//293 298//298 297//297
f 295//295 296//296 300//300
f 275//275 274//274 303//303
f 303//303 274//274 276//276
f 275//275 303//303 304//304
f 304//304 302//302 275//275
f 303//303 276//276 305//305
f 306//306 304//304 303//303
f 308//308 304//304 307//307
f 309//309 303//303 305//305
f 304//304 306//306 307//307
f 307//307 306//306 310//310
f 306//306 309//309 310//310
f 280//280 281//281 279//279
f 281//281 313//313 276//276
f 312//312 280//280 314//314
f 276//276 313//313 305//305
f 312//312 314//314 315//315
f 305//305 313//313 312//312
f 314//314 316//316 315//315
f 315//315 318//318 312//312
f 309//309 305//305 318//318
f 318//318 315//315 319//319
f 319//319 309//309 318//318
f 316//316 317//317 323//323
f 319//319 316//316 323//323
f 324//324 323//323 321//321
f 321//321 325//325 324//324
f 326//326 323//323 324//324
f 328//328 286//286 287//287
f 322//322 329//329 325//325
f 330//330 325//325 329//329
f 325//325 321//321 322//322
f 324//324 325//325 331//331
f 332//332 327//327 331//331
f 337//337 333//333 339//339
f 337//337 339//339 340//340
f 333//333 334//334 339//339
f 339//339 334//334 340//340
f 288//288 299//299 295//295
f 343//343 287//287 295//295
f 300//300 343//343 295//295
f 288//288 343//343 299//299
f 296//296 345//345 346//346
f 346//346 300//300 296//296
f 296//296 298//298 345//345
f 346//346 344//344 300//300
f 347//347 344//344 346//346
f 344//344 330//330 351//351
f 352//352 348//348 345//345
f 346//346 345//345 348//348
f 347//347 346//346 348//348
f 340//340 345//345 349//349
f 330//330 347//347 353//353
f 354//354 352//352 340//340
f 353//353 347//347 348//348
f 331//331 330//330 353//353
f 354//354 353//353 348//348
f 340//340 334//334 341//341
f 353//353 341//341 331//331
f 341//341 355//355 331//331
f 91//91 89//89 356//356
f 94//94 357//357 356//356
f 359//359 91//91 356//356
f 358//358 356//356 357//357
f 359//359 97//97 93//93
f 97//97 95//95 93//93
f 362//362 359//359 360//360
f 364//364 100//100 361//361
f 365//365 364//364 361//361
f 364//364 365//365 100//100
f 367//367 369//369 366//366
f 369//369 362//362 366//366
f 370//370 363//363 369//369
f 367//367 372//372 368//368
f 367//367 366//366 372//372
f 368//368 373//373 367//367
f 373//373 371//371 367//367
f 375//375 377//377 376//376
f 375//375 376//376 365//365
f 370//370 380//380 375//375
f 379//379 378//378 377//377
f 375//375 363//363 370//370
f 381//381 370//370 369//369
f 381//381 382//382 384//384
f 375//375 380//380 377//377
f 380//380 385//385 377//377
f 386//386 380//380 381//381
f 386//386 385//385 380//380
f 377//377 385//385 379//379
f 381//381 384//384 386//386
f 374//374 371//371 373//373
f 371//371 381//381 369//369
f 390//390 391//391 389//389
f 389//389 371//371 374//374
f 382//382 381//381 389//389
f 390//390 374//374 387//387
f 391//391 382//382 389//389
f 383//383 382//382 391//391
f 395//395 388//388 394//394
f 94//94 400//400 357//357
f 400//400 401//401 358//358
f 400//400 358//358 357//357
f 129//129 376//376 402//402
f 100//100 129//129 131//131
f 376//376 129//129 365//365
f 358//358 401//401 360//360
f 403//403 360//360 401//401
f 405//405 403//403 401//401
f 406//406 366//366 403//403
f 372//372 366//366 406//406
f 404//404 373//373 368//368
f 404//404 374//374 373//373
f 377//377 411//411 376//376
f 411//411 377//377 412//412
f 386//386 384//384 413//413
f 413//413 384//384 414//414
f 415//415 386//386 413//413
f 415//415 379//379 385//385
f 404//404 420//420 417//417
f 379//379 415//415 416//416
f 387//387 374//374 417//417
f 421//421 422//422 397//397
f 414//414 418//418 413//413
f 420//420 404//404 409//409
f 418//418 429//429 413//413
f 417//417 388//388 387//387
f 395//395 388//388 420//420
f 420//420 396//396 395//395
f 421//421 397//397 396//396
f 421//421 420//420 419//419
f 419//419 409//409 447//447
f 399//399 397//397 422//422
f 419//419 869//864 421//421
f 405//405 401//401 423//423
f 424//424 403//403 408//408
f 408//408 431//431 424//424
f 425//425 372//372 406//406
f 425//425 406//406 424//424
f 401//401 400//400 450//450
f 432//432 425//425 424//424
f 424//424 431//431 432//432
f 434//434 432//432 431//431
f 439//439 435//435 434//434
f 426//426 432//432 435//435
f 434//434 433//433 438//438
f 447//447 404//404 442//442
f 433//433 423//423 441//441
f 427//427 443//443 411//411
f 411//411 443//443 428//428
f 415//415 413//413 444//444
f 446//446 404//404 426//426
f 442//442 404//404 446//446
f 127//127 450//450 400//400
f 427//427 448//448 443//443
f 451//451 438//438 441//441
f 450//450 157//157 437//437
f 451//451 439//439 438//438
f 439//439 451//451 445//445
f 452//452 451//451 441//441
f 440//440 439//439 445//445
f 452//452 453//453 451//451
f 453//453 445//445 451//451
f 458//458 457//457 442//442
f 448//448 460//460 459//459
f 428//428 443//443 462//462
f 459//459 462//462 443//443
f 430//430 444//444 461//461
f 461//461 449//449 430//430
f 444//444 436//436 464//464
f 444//444 464//464 461//461
f 469//469 437//437 161//161
f 250//250 469//469 161//161
f 253//253 472//472 250//250
f 469//469 473//473 470//470
f 253//253 473//473 472//472
f 162//162 474//474 256//256
f 163//163 475//475 474//474
f 163//163 428//428 475//475
f 470//470 473//473 476//476
f 476//476 471//471 470//470
f 476//476 477//477 471//471
f 258//258 478//478 473//473
f 478//478 476//476 473//473
f 478//478 258//258 259//259
f 476//476 478//478 479//479
f 259//259 480//480 478//478
f 480//480 256//256 259//259
f 256//256 474//474 259//259
f 478//478 481//481 479//479
f 480//480 481//481 478//478
f 480//480 474//474 475//475
f 481//481 480//480 475//475
f 477//477 479//479 483//483
f 479//479 481//481 484//484
f 481//481 485//485 484//484
f 485//485 481//481 482//482
f 483//483 479//479 484//484
f 485//485 486//486 484//484
f 452//452 456//456 487//487
f 487//487 453//453 452//452
f 456//456 471//471 477//477
f 488//488 446//446 455//455
f 456//456 477//477 483//483
f 488//488 491//491 489//489
f 487//487 456//456 483//483
f 491//491 488//488 455//455
f 489//489 492//492 490//490
f 492//492 489//489 491//491
f 442//442 446//446 493//493
f 446//446 488//488 493//493
f 493//493 458//458 442//442
f 493//493 495//495 494//494
f 489//489 495//495 493//493
f 489//489 493//493 488//488
f 462//462 459//459 497//497
f 497//497 498//498 461//461
f 498//498 497//497 459//459
f 459//459 499//499 498//498
f 499//499 459//459 460//460
f 428//428 482//482 475//475
f 482//482 462//462 496//496
f 500//500 482//482 496//496
f 496//496 462//462 464//464
f 482//482 500//500 485//485
f 462//462 497//497 464//464
f 436//436 463//463 465//465
f 461//461 464//464 497//497
f 496//496 464//464 501//501
f 465//465 463//463 502//502
f 465//465 501//501 464//464
f 490//490 504//504 505//505
f 501//501 465//465 503//503
f 503//503 502//502 504//504
f 502//502 503//503 465//465
f 502//502 506//506 505//505
f 501//501 500//500 496//496
f 501//501 507//507 500//500
f 508//508 504//504 490//490
f 503//503 507//507 501//501
f 503//503 510//510 509//509
f 508//508 490//490 492//492
f 463//463 506//506 502//502
f 489//489 513//513 495//495
f 513//513 514//514 495//495
f 514//514 494//494 495//495
f 494//494 514//514 515//515
f 512//512 494//494 515//515
f 506//506 513//513 505//505
f 514//514 516//516 512//512
f 517//517 516//516 514//514
f 506//506 511//511 517//517
f 518//518 517//517 511//511
f 458//458 516//516 520//520
f 468//468 458//458 520//520
f 458//458 494//494 512//512
f 468//468 520//520 521//521
f 520//520 516//516 521//521
f 468//468 524//524 525//525
f 523//523 524//524 521//521
f 484//484 486//486 526//526
f 485//485 529//529 486//486
f 526//526 527//527 484//484
f 486//486 528//528 526//526
f 500//500 529//529 485//485
f 528//528 486//486 529//529
f 527//527 526//526 528//528
f 530//530 528//528 529//529
f 533//533 528//528 539//539
f 532//532 484//484 527//527
f 484//484 532//532 483//483
f 535//535 491//491 537//537
f 455//455 454//454 538//538
f 537//537 491//491 536//536
f 500//500 539//539 530//530
f 530//530 539//539 528//528
f 507//507 540//540 500//500
f 263//263 262//262 264//264
f 263//263 546//545 262//262
f 262//262 261//261 264//264
f 555//554 547//546 546//545
f 547//546 545//544 546//545
f 546//545 267//267 262//262
f 546//545 545//544 548//547
f 545//544 547//546 548//547
f 548//547 547//546 549//548
f 267//267 548//547 269//269
f 550//549 269//269 548//547
f 552//551 487//487 531//531
f 555//554 556//555 547//546
f 546//545 263//263 554//553
f 557//556 263//263 272//272
f 558//557 555//554 554//553
f 558//557 556//555 555//554
f 547//546 556//555 549//548
f 558//557 554//553 557//556
f 560//559 269//269 550//549
f 550//549 548//547 549//548
f 278//278 269//269 560//559
f 563//562 556//555 558//557
f 550//549 562//561 560//559
f 561//560 549//548 563//562
f 550//549 561//560 563//562
f 566//565 562//561 563//562
f 532//532 551//550 568//567
f 564//563 565//564 280//280
f 538//538 453//453 487//487
f 535//535 542//542 492//492
f 569//568 455//455 538//538
f 539//539 553//552 533//533
f 570//569 289//289 291//291
f 291//291 294//294 571//570
f 294//294 295//295 299//299
f 572//571 294//294 299//299
f 572//571 574//573 571//570
f 575//574 573//572 572//571
f 558//557 557//556 559//558
f 558//557 576//575 563//562
f 578//577 576//575 558//557
f 304//304 580//579 577//576
f 579//578 576//575 578//577
f 581//580 582//581 578//577
f 301//301 584//583 308//308
f 582//581 579//578 578//577
f 307//307 301//301 308//308
f 580//579 583//582 581//580
f 584//583 583//582 308//308
f 563//562 585//584 566//565
f 562//561 585//584 565//564
f 280//280 565//564 314//314
f 563//562 576//575 586//585
f 563//562 586//585 585//584
f 576//575 579//578 586//585
f 314//314 588//587 316//316
f 587//586 588//587 314//314
f 316//316 588//587 317//317
f 579//578 590//589 585//584
f 585//584 590//589 587//586
f 582//581 592//591 590//589
f 590//589 579//578 582//581
f 591//590 589//588 590//589
f 317//317 594//593 321//321
f 592//591 591//590 590//589
f 589//588 594//593 317//317
f 321//321 596//595 322//322
f 594//593 595//594 596//595
f 591//590 598//597 589//588
f 599//598 600//599 597//596
f 598//597 593//592 589//588
f 597//596 593//592 599//598
f 567//566 553//552 568//567
f 602//601 531//531 532//532
f 602//601 532//532 603//602
f 603//602 568//567 601//600
f 604//603 606//605 595//594
f 604//603 603//602 607//606
f 329//329 322//322 596//595
f 602//601 603//602 604//603
f 601//600 608//607 603//602
f 608//607 329//329 606//605
f 608//607 606//605 607//606
f 603//602 608//607 607//606
f 597//596 604//603 595//594
f 597//596 605//604 604//603
f 605//604 609//608 602//601
f 597//596 610//609 605//604
f 600//599 610//609 597//596
f 531//531 602//601 609//608
f 609//608 605//604 610//609
f 531//531 609//608 612//611
f 613//612 553//552 540//540
f 612//611 609//608 611//610
f 299//299 575//574 572//571
f 574//573 573//572 615//614
f 568//567 553//552 601//600
f 299//299 617//616 575//574
f 613//612 601//600 553//552
f 575//574 617//616 573//572
f 614//613 573//572 617//616
f 601//600 618//617 608//607
f 616//615 618//617 601//600
f 608//607 351//351 329//329
f 608//607 619//618 617//616
f 618//617 619//618 608//607
f 617//616 621//620 614//613
f 619//618 618//617 620//619
f 617//616 619//618 621//620
f 621//620 624//623 622//621
f 619//618 620//619 626//625
f 626//625 620//619 623//622
f 626//625 624//623 621//620
f 541//541 616//615 540//540
f 541//541 543//543 623//622
f 541//541 620//619 616//615
f 620//619 541//541 623//622
f 630//629 629//628 631//630
f 631//630 632//631 633//632
f 633//632 635//634 634//633
f 633//632 632//631 635//634
f 634//633 635//634 636//635
f 634//633 636//635 637//636
f 867//862 865//860 639//638
f 640//639 635//634 632//631
f 640//639 636//635 635//634
f 867//862 639//638 641//640
f 637//636 638//637 643//642
f 643//642 638//637 644//643
f 645//644 644//643 638//637
f 646//645 637//636 644//643
f 637//636 646//645 641//640
f 637//636 643//642 644//643
f 652//651 899//894 650//649
f 896//891 648//647 427//427
f 648//647 641//640 651//650
f 649//648 651//650 641//640
f 647//646 644//643 645//644
f 655//654 647//646 645//644
f 657//656 650//649 648//647
f 648//647 651//650 658//657
f 654//653 659//658 655//654
f 651//650 649//648 647//646
f 651//650 661//660 662//661
f 662//661 658//657 651//650
f 659//658 661//660 655//654
f 647//646 655//654 661//660
f 656//655 657//656 664//663
f 656//655 660//659 663//662
f 660//659 664//663 654//653
f 664//663 659//658 654//653
f 659//658 664//663 665//664
f 658//657 666//665 665//664
f 665//664 666//665 659//658
f 662//661 661//660 666//665
f 666//665 661//660 659//658
f 668//667 672//671 667//666
f 671//670 672//671 673//672
f 675//674 671//670 673//672
f 674//673 673//672 672//671
f 674//673 676//675 673//672
f 669//668 678//677 674//673
f 669//668 670//669 678//677
f 676//675 680//679 673//672
f 677//676 681//680 676//675
f 684//683 291//291 289//289
f 684//683 293//293 291//291
f 293//293 685//684 686//685
f 298//298 686//685 687//686
f 293//293 686//685 298//298
f 686//685 688//687 687//686
f 686//685 689//688 690//689
f 690//689 689//688 691//690
f 333//333 692//691 335//335
f 680//679 679//678 671//670
f 681//680 680//679 676//675
f 335//335 695//694 336//336
f 692//691 694//693 693//692
f 337//337 696//695 338//338
f 337//337 349//349 696//695
f 333//333 338//338 692//691
f 338//338 696//695 692//691
f 692//691 696//695 697//696
f 698//697 692//691 697//696
f 692//691 698//697 694//693
f 697//696 694//693 698//697
f 694//693 699//698 700//699
f 701//700 694//693 700//699
f 687//686 345//345 298//298
f 688//687 703//702 687//686
f 688//687 702//701 703//702
f 704//703 690//689 691//690
f 702//701 690//689 704//703
f 705//704 703//702 702//701
f 705//704 350//350 703//702
f 705//704 702//701 704//703
f 696//695 349//349 697//696
f 697//696 703//702 699//698
f 350//350 699//698 703//702
f 705//704 706//705 707//706
f 704//703 706//705 705//704
f 705//704 708//707 350//350
f 708//707 699//698 350//350
f 705//704 699//698 708//707
f 699//698 705//704 707//706
f 710//709 707//706 706//705
f 699//698 707//706 710//709
f 699//698 712//711 700//699
f 699//698 710//709 712//711
f 713//712 715//714 716//715
f 713//712 717//716 714//713
f 720//719 713//712 716//715
f 720//719 719//718 713//712
f 722//721 715//714 714//713
f 714//713 715//714 713//712
f 721//720 722//721 714//713
f 722//721 721//720 724//723
f 709//708 725//724 711//710
f 724//723 718//717 723//722
f 727//726 714//713 717//716
f 721//720 714//713 728//727
f 716//715 718//717 729//728
f 735//734 729//728 718//717
f 731//730 734//733 730//729
f 718//717 723//722 735//734
f 733//732 735//734 723//722
f 731//730 737//736 736//735
f 731//730 736//735 734//733
f 732//731 738//737 739//738
f 732//731 739//738 737//736
f 739//738 741//740 743//742
f 743//742 742//741 739//738
f 740//739 750//749 741//740
f 680//679 746//745 679//678
f 752//751 753//752 754//753
f 744//743 755//754 751//750
f 748//747 746//745 756//755
f 751//750 755//754 745//744
f 746//745 752//751 757//756
f 754//753 757//756 752//751
f 758//757 754//753 753//752
f 756//755 746//745 757//756
f 756//755 755//754 745//744
f 759//758 755//754 756//755
f 751//750 755//754 759//758
f 760//759 757//756 754//753
f 761//760 760//759 754//753
f 758//757 761//760 754//753
f 682//681 762//761 681//680
f 681//680 762//761 753//752
f 683//682 763//762 762//761
f 764//763 762//761 763//762
f 765//764 758//757 753//752
f 758//757 765//764 767//766
f 765//764 764//763 766//765
f 765//764 766//765 767//766
f 764//763 768//767 770//769
f 768//767 771//770 770//769
f 766//765 770//769 772//771
f 770//769 766//765 764//763
f 770//769 773//772 772//771
f 774//773 773//772 771//770
f 771//770 769//768 775//774
f 775//774 774//773 771//770
f 378//378 776//775 777//776
f 379//379 776//775 378//378
f 777//776 410//410 378//378
f 777//776 410//410 629//628
f 777//776 776//775 778//777
f 629//628 778//777 779//778
f 391//391 780//779 393//393
f 393//393 780//779 383//383
f 782//781 392//392 398//398
f 783//782 398//398 397//397
f 781//780 392//392 782//781
f 784//783 783//782 786//785
f 786//785 787//786 784//783
f 785//784 788//787 787//786
f 792//791 399//399 789//788
f 785//784 783//782 791//790
f 794//793 792//791 790//789
f 791//790 796//795 785//784
f 785//784 796//795 788//787
f 798//797 799//798 793//792
f 795//794 790//789 793//792
f 795//794 793//792 799//798
f 801//800 795//794 799//798
f 630//629 629//628 803//802
f 629//628 779//778 803//802
f 631//630 803//802 632//631
f 804//803 791//790 794//793
f 805//804 788//787 797//796
f 805//804 797//796 804//803
f 806//805 805//804 804//803
f 806//805 807//806 805//804
f 804//803 794//793 795//794
f 804//803 795//794 801//800
f 808//807 801//800 800//799
f 809//808 806//805 804//803
f 809//808 804//803 808//807
f 810//809 800//799 802//801
f 810//809 811//810 808//807
f 811//810 809//808 808//807
f 813//812 807//806 809//808
f 813//812 809//808 811//810
f 813//812 811//810 814//813
f 810//809 802//801 815//814
f 817//816 810//809 816//815
f 815//814 817//816 816//815
f 820//27 817//816 818//817
f 821//819 822//820 818//817
f 824//822 812//811 819//818
f 826//824 812//811 824//822
f 827//825 824//822 825//823
f 814//813 812//811 829//827
f 826//824 824//822 830//828
f 830//828 824//822 827//825
f 827//825 825//823 831//829
f 829//827 826//824 814//813
f 830//828 831//829 826//824
f 825//823 819//818 820//27
f 834//41 822//820 823//821
f 828//826 825//823 833//40
f 835//43 834//41 832//830
f 833//40 836//831 828//826
f 839//834 840//835 838//833
f 841//836 832//830 838//833
f 837//832 833//40 835//43
f 837//832 835//43 841//836
f 837//832 841//836 843//838
f 846//841 836//831 837//832
f 848//843 843//838 842//837
f 849//844 847//842 837//832
f 849//844 837//832 848//843
f 847//842 846//841 837//832
f 850//845 849//844 848//843
f 851//846 849//844 850//845
f 851//846 850//845 853//848
f 847//842 852//847 846//841
f 855//850 856//851 845//840
f 854//849 842//837 844//839
f 854//849 850//845 848//843
f 854//849 857//852 850//845
f 854//849 858//853 857//852
f 856//851 859//854 858//853
f 860//855 861//856 853//848
f 857//852 859//854 861//856
f 862//857 778//777 776//775
f 862//857 776//775 864//859
f 862//857 779//778 778//777
f 863//858 779//778 862//857
f 422//422 789//788 399//399
f 865//860 867//862 412//412
f 780//779 418//418 414//414
f 784//783 787//786 418//418
f 799//798 871//866 800//799
f 869//864 790//789 789//788
f 798//797 790//789 870//865
f 870//865 799//798 798//797
f 802//801 800//799 872//867
f 871//866 419//419 877//872
f 640//639 632//631 863//858
f 863//858 803//802 779//778
f 632//631 803//802 863//858
f 877//872 821//819 818//817
f 788//787 873//868 787//786
f 807//806 874//869 873//868
f 873//868 875//870 868//863
f 879//874 466//466 418//418
f 876//871 874//869 813//812
f 872//867 815//814 802//801
f 817//816 815//814 877//872
f 877//872 818//817 817//816
f 822//820 878//873 823//821
f 840//835 883//878 842//837
f 875//870 879//874 418//418
f 831//829 879//874 876//871
f 876//871 879//874 875//870
f 836//831 880//875 879//874
f 878//873 832//830 823//821
f 839//834 832//830 882//877
f 882//877 840//835 839//834
f 855//850 887//882 856//851
f 884//879 883//878 882//877
f 844//839 842//837 883//878
f 884//879 845//840 883//878
f 885//880 879//874 880//875
f 852//847 886//881 880//875
f 884//879 887//882 845//840
f 853//848 861//856 886//881
f 856//851 887//882 888//883
f 886//881 891//886 885//880
f 890//885 889//884 888//883
f 891//886 879//874 885//880
f 892//887 889//884 890//885
f 861//856 889//884 893//888
f 642//641 416//416 449//449
f 893//888 889//884 895//890
f 877//872 419//419 447//447
f 887//882 884//879 897//892
f 861//856 924//919 891//886
f 888//883 887//882 894//889
f 895//890 889//884 892//887
f 648//647 448//448 427//427
f 648//647 650//649 448//448
f 892//887 888//883 894//889
f 894//889 887//882 897//892
f 895//890 924//919 861//856
f 903//898 448//448 899//894
f 449//449 900//895 898//893
f 900//895 901//896 898//893
f 429//429 905//900 463//463
f 904//899 901//896 900//895
f 906//901 905//900 466//466
f 909//904 447//447 457//457
f 909//904 457//457 910//905
f 914//909 877//872 447//447
f 909//904 914//909 447//447
f 898//893 655//654 449//449
f 901//896 655//654 898//893
f 901//896 654//653 655//654
f 918//913 914//909 916//911
f 914//909 909//904 915//910
f 919//914 913//908 908//903
f 897//892 914//909 917//912
f 897//892 884//879 914//909
f 922//917 897//892 917//912
f 919//914 923//918 921//916
f 460//460 903//898 926//921
f 460//460 926//921 499//499
f 499//499 926//921 498//498
f 498//498 926//921 902//897
f 498//498 902//897 461//461
f 926//921 904//899 499//499
f 904//899 926//921 903//898
f 926//921 900//895 902//897
f 927//922 904//899 903//898
f 653//652 652//651 928//923
f 653//652 928//923 904//899
f 511//511 467//467 929//924
f 467//467 905//900 929//924
f 929//924 905//900 930//925
f 511//511 929//924 518//518
f 929//924 519//519 518//518
f 907//902 906//901 933//928
f 932//927 930//925 905//900
f 933//928 932//927 907//902
f 906//901 931//926 933//928
f 519//519 934//929 516//516
f 934//929 524//524 523//523
f 932//927 935//930 934//929
f 519//519 930//925 932//927
f 932//927 933//928 935//930
f 933//928 930//925 932//927
f 933//928 936//931 935//930
f 910//905 940//935 938//933
f 910//905 525//525 939//934
f 525//525 524//524 939//934
f 941//936 936//931 943//938
f 941//936 942//937 939//934
f 942//937 938//933 940//935
f 943//938 942//937 941//936
f 937//932 944//939 936//931
f 944//939 945//940 936//931
f 943//938 946//941 942//937
f 937//932 931//926 944//939
f 911//906 910//905 938//933
f 911//906 938//933 948//943
f 938//933 942//937 946//941
f 948//943 949//944 911//906
f 949//944 947//942 911//906
f 946//941 950//945 948//943
f 950//945 947//942 949//944
f 663//662 928//923 652//651
f 928//923 901//896 904//899
f 951//946 928//923 663//662
f 928//923 951//946 901//896
f 951//946 660//659 901//896
f 466//466 912//907 952//947
f 466//466 952//947 931//926
f 931//926 952//947 945//940
f 945//940 952//947 953//948
f 912//907 953//948 952//947
f 912//907 955//950 954//949
f 954//949 945//940 953//948
f 945//940 956//951 946//941
f 955//950 953//948 954//949
f 908//903 959//954 958//953
f 958//953 957//952 908//903
f 912//907 957//952 955//950
f 956//951 960//955 946//941
f 960//955 950//945 946//941
f 955//950 961//956 956//951
f 960//955 962//957 950//945
f 961//956 963//958 960//955
f 961//956 955//950 957//952
f 957//952 963//958 961//956
f 957//952 958//953 963//958
f 964//959 963//958 958//953
f 964//959 958//953 959//954
f 915//910 966//961 965//960
f 915//910 911//906 947//942
f 916//911 915//910 965//960
f 915//910 947//942 966//961
f 916//911 965//960 967//962
f 966//961 947//942 950//945
f 966//961 950//945 962//957
f 968//963 965//960 966//961
f 962//957 968//963 966//961
f 965//960 968//963 967//962
f 964//959 959//954 970//965
f 970//965 971//966 968//963
f 971//966 972//967 969//964
f 918//913 916//911 973//968
f 967//962 975//970 916//911
f 918//913 973//968 974//969
f 975//970 973//968 916//911
f 969//964 972//967 967//962
f 959//954 913//908 977//972
f 920//915 921//916 976//971
f 976//971 921//916 978//973
f 959//954 977//972 970//965
f 913//908 976//971 970//965
f 970//965 976//971 971//966
f 979//974 976//971 978//973
f 978//973 980//975 979//974
f 921//916 923//918 981//976
f 973//968 982//977 974//969
f 974//969 983//978 918//913
f 982//977 980//975 985//980
f 982//977 984//979 974//969
f 921//916 981//976 980//975
f 985//980 984//979 982//977
f 981//976 986//981 980//975
f 918//913 984//979 987//982
f 981//976 923//918 986//981
f 922//917 918//913 987//982
f 922//917 987//982 988//983
f 983//978 984//979 918//913
f 987//982 984//979 988//983
f 988//983 989//984 922//917
f 988//983 984//979 990//985
f 985//980 990//985 984//979
f 990//985 989//984 988//983
f 986//981 991//986 990//985
f 991//986 992//987 990//985
f 992//987 993//988 990//985
f 897//892 922//917 994//989
f 989//984 994//989 922//917
f 993//988 995//990 994//989
f 991//986 923//918 996//991
f 923//918 991//986 986//981
f 997//992 996//991 919//914
f 999//994 997//992 925//920
f 991//986 996//991 997//992
f 999//994 1000//995 992//987
f 925//920 998//993 999//994
f 999//994 998//993 1000//995
f 925//920 1002//997 998//993
f 894//889 897//892 1001//996
f 924//919 1003//998 1002//997
f 894//889 1005//1000 1006//1001
f 1006//1001 1004//999 894//889
f 995//990 993//988 1007//1002
f 995//990 1007//1002 1008//1003
f 1008//1003 1001//996 995//990
f 1007//1002 1005//1000 1008//1003
f 1007//1002 1006//1001 1005//1000
f 1000//995 1009//1004 993//988
f 1000//995 998//993 1010//1005
f 1010//1005 998//993 1002//997
f 1009//1004 1004//999 1006//1001
f 1002//997 1009//1004 1010//1005
f 1009//1004 1002//997 1003//998
f 1001//996 1005//1000 894//889
f 1003//998 924//919 895//890
f 1004//999 895//890 892//887
f 895//890 1004//999 1011//1006
f 1003//998 895//890 1011//1006
f 1009//1004 1003//998 1011//1006
f 1011//1006 1004//999 1009//1004
f 667//666 1013//1008 668//667
f 667//666 1012//1007 1013//1008
f 669//668 668//667 1013//1008
f 1014//1009 1012//1007 1016//1011
f 1015//1010 1016//1011 1012//1007
f 1019//1014 1016//1011 1018//1013
f 1018//1013 1017//1012 1028//1023
f 670//669 683//682 678//677
f 1014//1009 683//682 670//669
f 570//569 684//683 289//289
f 685//684 684//683 570//569
f 570//569 571//570 685//684
f 686//685 685//684 689//688
f 685//684 1021//1016 689//688
f 571//570 574//573 1022//1017
f 1021//1016 571//570 1022//1017
f 1021//1016 1022//1017 1023//1018
f 689//688 1024//1019 691//690
f 1027//1022 1015//1010 1025//1020
f 1028//1023 1017//1012 1026//1021
f 615//614 1022//1017 574//573
f 1026//1021 1016//1011 1027//1022
f 1020//1015 1019//1014 1028//1023
f 691//690 1030//1025 704//703
f 615//614 622//621 1029//1024
f 1029//1024 1030//1025 1023//1018
f 1031//1026 1029//1024 622//621
f 706//705 704//703 1030//1025
f 1030//1025 1029//1024 1031//1026
f 625//624 1031//1026 622//621
f 1033//1028 1030//1025 1031//1026
f 1030//1025 1032//1027 706//705
f 1034//1029 1030//1025 1033//1028
f 625//624 622//621 624//623
f 709//708 706//705 1032//1027
f 1032//1027 1030//1025 1034//1029
f 1035//1030 1032//1027 1034//1029
f 1036//1031 1033//1028 625//624
f 1038//1033 1035//1030 1034//1029
f 1037//1032 1034//1029 1033//1028
f 1037//1032 1038//1033 1034//1029
f 1032//1027 1035//1030 725//724
f 1039//1034 1040//1035 721//720
f 1041//1036 725//724 1035//1030
f 726//725 1039//1034 721//720
f 1041//1036 1039//1034 726//725
f 1039//1034 1042//1037 1043//1038
f 1044//1039 1041//1036 1038//1033
f 1041//1036 1042//1037 1039//1034
f 721//720 1040//1035 730//729
f 1039//1034 1043//1038 1040//1035
f 1040//1035 1045//1040 730//729
f 1043//1038 1045//1040 1040//1035
f 1045//1040 1043//1038 1046//1041
f 1046//1041 1047//1042 1045//1040
f 731//730 730//729 1048//1043
f 1047//1042 1049//1044 1048//1043
f 732//731 731//730 1048//1043
f 1042//1037 1050//1045 1043//1038
f 1051//1046 1047//1042 1046//1041
f 1046//1041 1050//1045 1051//1046
f 1053//1048 1051//1046 1050//1045
f 739//738 738//737 1055//1050
f 1054//1049 1055//1050 1049//1044
f 739//738 1057//1052 740//739
f 1055//1050 1057//1052 739//738
f 1058//1053 1055//1050 1056//1051
f 1057//1052 1055//1050 1058//1053
f 1047//1042 1052//1047 1049//1044
f 1049//1044 738//737 732//731
f 1059//1054 1054//1049 1061//1056
f 1060//1055 1062//1057 1061//1056
f 1057//1052 1059//1054 1063//1058
f 1059//1054 740//739 1063//1058
f 1064//1059 740//739 1059//1054
f 747//746 1064//1059 749//748
f 749//748 1065//1060 746//745
f 746//745 1065//1060 1025//1020
f 1064//1059 1059//1054 1066//1061
f 1059//1054 1061//1056 1062//1057
f 1062//1057 1066//1061 1059//1054
f 749//748 1064//1059 1065//1060
f 746//745 748//747 749//748
f 1068//1063 1065//1060 1064//1059
f 1068//1063 1067//1062 1065//1060
f 1070//1065 1026//1021 1069//1064
f 1069//1064 1026//1021 1027//1022
f 1069//1064 1071//1066 1070//1065
f 1069//1064 1027//1022 1025//1020
f 1067//1062 1025//1020 1065//1060
f 1069//1064 1072//1067 1073//1068
f 1073//1068 1071//1066 1069//1064
f 1072//1067 1067//1062 1074//1069
f 1075//1070 1073//1068 1072//1067
f 1076//1071 1077//1072 1020//1015
f 1020//1015 1028//1023 1076//1071
f 1071//1066 1076//1071 1070//1065
f 1078//1073 1080//1075 1081//1076
f 1080//1075 1071//1066 1075//1070
f 1080//1075 1078//1073 1071//1066
f 1078//1073 1081//1076 1079//1074
f 1081//1076 1080//1075 1082//1077
f 1079//1074 1081//1076 1082//1077
f 683//682 1083//1078 763//762
f 1083//1078 683//682 1020//1015
f 1083//1078 1020//1015 1077//1072
f 763//762 1083//1078 768//767
f 1084//1079 1083//1078 1077//1072
f 769//768 768//767 1085//1080
f 1077//1072 1087//1082 1084//1079
f 1084//1079 1086//1081 1085//1080
f 1087//1082 1086//1081 1084//1079
f 1087//1082 1077//1072 1079//1074
f 1088//1083 1086//1081 1079//1074
f 1089//1084 1079//1074 1082//1077
f 775//774 1086//1081 1091//1086
f 1086//1081 1090//1085 1091//1086
f 301//301 307//307 1094//1087
f 307//307 310//310 1094//1087
f 310//310 309//309 1095//1088
f 1095//1088 309//309 311//311
f 301//301 1094//1087 584//583
f 1094//1087 310//310 1097//1090
f 1097//1090 1096//1089 1094//1087
f 1097//1090 1098//1091 1096//1089
f 1101//1094 1100//1093 1098//1091
f 1097//1090 1101//1094 1098//1091
f 1101//1094 1102//1095 1103//1096
f 1101//1094 1099//1092 1102//1095
f 1107//1100 1108//1101 1099//1092
f 1106//1099 311//311 320//320
f 311//311 1107//1100 1095//1088
f 1107//1100 1099//1092 1095//1088
f 1107//1100 1109//1102 1108//1101
f 1110//1103 1107//1100 1106//1099
f 1110//1103 1111//1104 1109//1102
f 1109//1102 1111//1104 1108//1101
f 1108//1101 1113//1106 1099//1092
f 1112//1105 1114//1107 1111//1104
f 1115//1108 1111//1104 1114//1107
f 1113//1106 1104//1097 1102//1095
f 1115//1108 1116//1109 1108//1101
f 326//326 324//324 327//327
f 1116//1109 1104//1097 1113//1106
f 326//326 1106//1099 319//319
f 1106//1099 326//326 1110//1103
f 1110//1103 326//326 1112//1105
f 1118//1111 1112//1105 326//326
f 1120//1113 1118//1111 327//327
f 1123//1116 1121//1114 1112//1105
f 1123//1116 1122//1115 1124//1117
f 1126//1119 1120//1113 332//332
f 1119//1112 1125//1118 1124//1117
f 336//336 334//334 335//335
f 1128//1121 342//342 336//336
f 1129//1122 1128//1121 336//336
f 342//342 1130//1123 341//341
f 342//342 1131//1124 1130//1123
f 1128//1121 1131//1124 342//342
f 1131//1124 1133//1126 1132//1125
f 1128//1121 1129//1122 1136//1129
f 1134//1127 1128//1121 1136//1129
f 1134//1127 1136//1129 1135//1128
f 332//332 331//331 355//355
f 1130//1123 355//355 341//341
f 332//332 1137//1130 1126//1119
f 1132//1125 355//355 1130//1123
f 1137//1130 355//355 1132//1125
f 1137//1130 1132//1125 1138//1131
f 1126//1119 1137//1130 1138//1131
f 1143//1136 1140//1133 1139//1132
f 1140//1133 1125//1118 1126//1119
f 1139//1132 1140//1133 1138//1131
f 1142//1135 1127//1120 1125//1118
f 1140//1133 1145//1138 1142//1135
f 1139//1132 1144//1137 1143//1136
f 1150//1143 1103//1096 1102//1095
f 1104//1097 1147//1140 1102//1095
f 1150//1143 1102//1095 1147//1140
f 1104//1097 1116//1109 1153//1146
f 1104//1097 1149//1142 1147//1140
f 1151//1144 1100//1093 1148//1141
f 1117//1110 1152//1145 1115//1108
f 1152//1145 1154//1147 1155//1148
f 1152//1145 1153//1146 1116//1109
f 1117//1110 1154//1147 1152//1145
f 1153//1146 1149//1142 1104//1097
f 1160//1153 1156//1149 1157//1150
f 1159//1152 1160//1153 1157//1150
f 1158//1151 1156//1149 1160//1153
f 1162//1155 1159//1152 1161//1154
f 1149//1142 1165//1158 1150//1143
f 1149//1142 1150//1143 1147//1140
f 1154//1147 1117//1110 1167//1160
f 1165//1158 1166//1159 1150//1143
f 1155//1148 1166//1159 1165//1158
f 1154//1147 1167//1160 1155//1148
f 1162//1155 1161//1154 1164//1157
f 1168//1161 1162//1155 1164//1157
f 1163//1156 1162//1155 1168//1161
f 1169//1162 1163//1156 1168//1161
f 1170//1163 1169//1162 1168//1161
f 1171//1164 1170//1163 1172//1165
f 1171//1164 1172//1165 1173//1166
f 1150//1143 1174//1167 1148//1141
f 1174//1167 1150//1143 1166//1159
f 1148//1141 1174//1167 1175//1168
f 1155//1148 1177//1170 1166//1159
f 1177//1170 1155//1148 1167//1160
f 1179//1172 1167//1160 1180//1173
f 1176//1169 1181//1174 1178//1171
f 1182//1175 1184//1177 1183//1176
f 1186//1179 1184//1177 1185//1178
f 1184//1177 1191//1184 1183//1176
f 1191//1184 1190//1183 1183//1176
f 1191//1184 1192//1185 1190//1183
f 1193//1186 1192//1185 1191//1184
f 1186//1179 1188//1181 1187//1180
f 1194//1187 1192//1185 1193//1186
f 1188//1181 1195//1188 1187//1180
f 1187//1180 1193//1186 1191//1184
f 1189//1182 1196//1189 1188//1181
f 1193//1186 1187//1180 1195//1188
f 1195//1188 1194//1187 1193//1186
f 1195//1188 1198//1191 1194//1187
f 1196//1189 1198//1191 1195//1188
f 1196//1189 1199//1192 1198//1191
f 1197//1190 1200//1193 1196//1189
f 1189//1182 1202//1195 1197//1190
f 1197//1190 1196//1189 1189//1182
f 1197//1190 1202//1195 1203//1196
f 1203//1196 1205//1198 1197//1190
f 1206//1199 1203//1196 1204//1197
f 1205//1198 1200//1193 1197//1190
f 1206//1199 1201//1194 1205//1198
f 1204//1197 1207//1200 1206//1199
f 1207//1200 1204//1197 1209//1202
f 1208//1201 1207//1200 1210//1203
f 1212//1205 1199//1192 1200//1193
f 1206//1199 1213//1206 1201//1194
f 1208//1201 1213//1206 1206//1199
f 1208//1201 1215//1208 1213//1206
f 1213//1206 1216//1209 1214//1207
f 1217//1210 1216//1209 1215//1208
f 1214//1207 1212//1205 1201//1194
f 1214//1207 1216//1209 1218//1211
f 1211//1204 1220//1213 1210//1203
f 1220//1213 1208//1201 1210//1203
f 1219//1212 1221//1214 1211//1204
f 1221//1214 1222//1215 1211//1204
f 1215//1208 1208//1201 1220//1213
f 1220//1213 1217//1210 1215//1208
f 1219//1212 1223//1216 1221//1214
f 1217//1210 1220//1213 1222//1215
f 1222//1215 1225//1218 1217//1210
f 1223//1216 1225//1218 1222//1215
f 1228//1221 1225//1218 1223//1216
f 1226//1219 1228//1221 1223//1216
f 1217//1210 1225//1218 1229//1222
f 1227//1220 1229//1222 1225//1218
f 1224//1217 1230//1223 1226//1219
f 1231//1224 1232//1225 1230//1223
f 1231//1224 1233//1226 1232//1225
f 1233//1226 1234//1227 1232//1225
f 1230//1223 1224//1217 1219//1212
f 1226//1219 1237//1230 1228//1221
f 1228//1221 1237//1230 1238//1231
f 1232//1225 1237//1230 1226//1219
f 1234//1227 1239//1232 1232//1225
f 1234//1227 1242//1235 1239//1232
f 1242//1235 1234//1227 1240//1233
f 1240//1233 1243//1236 1242//1235
f 1244//1237 1241//1234 1242//1235
f 1243//1236 1244//1237 1242//1235
f 1243//1236 1246//1239 1245//1238
f 1237//1230 1241//1234 1238//1231
f 1235//1228 1240//1233 1233//1226
f 1236//1229 1240//1233 1235//1228
f 1236//1229 1247//1240 1248//1241
f 1248//1241 1240//1233 1236//1229
f 1248//1241 1243//1236 1240//1233
f 1247//1240 1250//1243 1248//1241
f 1248//1241 1252//1245 1243//1236
f 1250//1243 1252//1245 1248//1241
f 1254//1247 1250//1243 1249//1242
f 1251//1244 1254//1247 1249//1242
f 1252//1245 1246//1239 1243//1236
f 1253//1246 1246//1239 1252//1245
f 1254//1247 1256//1249 1253//1246
f 1255//1248 1256//1249 1254//1247
f 1257//1250 1251//1244 1249//1242
f 1255//1248 1251//1244 1257//1250
f 1261//1254 1246//1239 1253//1246
f 1256//1249 1262//1255 1261//1254
f 1256//1249 1263//1256 1262//1255
f 1259//1252 1264//1257 1258//1251
f 1264//1257 1255//1248 1258//1251
f 1255//1248 1266//1259 1256//1249
f 1265//1258 1267//1260 1259//1252
f 1266//1259 1255//1248 1264//1257
f 1266//1259 1263//1256 1256//1249
f 1264//1257 1269//1262 1266//1259
f 1269//1262 1263//1256 1266//1259
f 1267//1260 1269//1262 1264//1257
f 1267//1260 1270//1263 1269//1262
f 1271//1264 1267//1260 1268//1261
f 1271//1264 1273//1266 1272//1265
f 1269//1262 1270//1263 1274//1267
f 1272//1265 1274//1267 1270//1263
f 1260//1253 1265//1258 1259//1252
f 1260//1253 1268//1261 1265//1258
f 1275//1268 1276//1269 1277//1270
f 1268//1261 1277//1270 1271//1264
f 1278//1271 1279//1272 1276//1269
f 1279//1272 1280//1273 1276//1269
f 1280//1273 1277//1270 1276//1269
f 1277//1270 1273//1266 1271//1264
f 1278//1271 1281//1274 1279//1272
f 1273//1266 1277//1270 1280//1273
f 1280//1273 1282//1275 1273//1266
f 1281//1274 1280//1273 1279//1272
f 1282//1275 1283//1276 1273//1266
f 1281//1274 1284//1277 1282//1275
f 1285//1278 1283//1276 1284//1277
f 1286//1279 1285//1278 1284//1277
f 1182//1175 1183//1176 1288//1281
f 1182//1175 1288//1281 1287//1280
f 1183//1176 1289//1282 1288//1281
f 1186//1179 1189//1182 1188//1181
f 1290//1283 1185//1178 1182//1175
f 1189//1182 1186//1179 1291//1284
f 1292//1285 1190//1183 1192//1185
f 1194//1187 1294//1287 1192//1185
f 1189//1182 1297//1290 1202//1195
f 1199//1192 1295//1288 1294//1287
f 1296//1289 1292//1285 1294//1287
f 1204//1197 1297//1290 1209//1202
f 1203//1196 1202//1195 1297//1290
f 1204//1197 1203//1196 1297//1290
f 1209//1202 1211//1204 1210//1203
f 1297//1290 1189//1182 1298//1291
f 1303//1296 1291//1284 1311//1304
f 1216//1209 1229//1222 1295//1288
f 1219//1212 1231//1224 1230//1223
f 1299//1292 1219//1212 1211//1204
f 1301//1294 1296//1289 1229//1222
f 1233//1226 1236//1229 1235//1228
f 1231//1224 1219//1212 1299//1292
f 1302//1295 1233//1226 1231//1224
f 1303//1296 1302//1295 1299//1292
f 1245//1238 1261//1254 1244//1237
f 1236//1229 1233//1226 1302//1295
f 1238//1231 1229//1222 1228//1221
f 1236//1229 1249//1242 1247//1240
f 1261//1254 1305//1298 1301//1294
f 1301//1294 1300//1293 1296//1289
f 1249//1242 1236//1229 1304//1297
f 1257//1250 1259//1252 1258//1251
f 1303//1296 1257//1250 1249//1242
f 1259//1252 1257//1250 1303//1296
f 1260//1253 1276//1269 1275//1268
f 1263//1256 1274//1267 1261//1254
f 1306//1299 1300//1293 1305//1298
f 1307//1300 1274//1267 1273//1266
f 1306//1299 1305//1298 1274//1267
f 1306//1299 1308//1301 1300//1293
f 1634//1627 1260//1253 1303//1296
f 1289//1282 1190//1183 1309//1302
f 1273//1266 1285//1278 1307//1300
f 1311//1304 1320//1313 1317//1310
f 1293//1286 1312//1305 1292//1285
f 1313//1306 1290//1283 1287//1280
f 1288//1281 1310//1303 1287//1280
f 1309//1302 1310//1303 1288//1281
f 1313//1306 1287//1280 1310//1303
f 1315//1308 1309//1302 1190//1183
f 1190//1183 1312//1305 1315//1308
f 1292//1285 1312//1305 1190//1183
f 1291//1284 1290//1283 1313//1306
f 1311//1304 1291//1284 1313//1306
f 1318//1311 1319//1312 1312//1305
f 1321//1314 1319//1312 1318//1311
f 1317//1310 1303//1296 1311//1304
f 1314//1307 1323//1316 1322//1315
f 1323//1316 1324//1317 1322//1315
f 1323//1316 1325//1318 1324//1317
f 1327//1320 1317//1310 1326//1319
f 1314//1307 1329//1322 1323//1316
f 1329//1322 1330//1323 1325//1318
f 1329//1322 1331//1324 1330//1323
f 1329//1322 1332//1325 1331//1324
f 1333//1326 1313//1306 1310//1303
f 1310//1303 1334//1327 1333//1326
f 1336//1329 1335//1328 1334//1327
f 1339//1332 1337//1330 1313//1306
f 1337//1330 1340//1333 1338//1331
f 1339//1332 1333//1326 1337//1330
f 1337//1330 1335//1328 1341//1334
f 1337//1330 1342//1335 1340//1333
f 1335//1328 1342//1335 1341//1334
f 1312//1305 1319//1312 1343//1336
f 1309//1302 1315//1308 1334//1327
f 1312//1305 1344//1337 1315//1308
f 1312//1305 1343//1336 1344//1337
f 1344//1337 1336//1329 1334//1327
f 1345//1338 1343//1336 1346//1339
f 1344//1337 1345//1338 1336//1329
f 1319//1312 1321//1314 1347//1340
f 1343//1336 1319//1312 1348//1341
f 1319//1312 1347//1340 1349//1342
f 1349//1342 1348//1341 1319//1312
f 1342//1335 1335//1328 1336//1329
f 1340//1333 1342//1335 1350//1343
f 1350//1343 1351//1344 1340//1333
f 1340//1333 1351//1344 1338//1331
f 1338//1331 1351//1344 1353//1346
f 1345//1338 1352//1345 1342//1335
f 1346//1339 1348//1341 1352//1345
f 1352//1345 1354//1347 1351//1344
f 1354//1347 1355//1348 1351//1344
f 1354//1347 1349//1342 1348//1341
f 1354//1347 1356//1349 1355//1348
f 1349//1342 1347//1340 1348//1341
f 1311//1304 1313//1306 1338//1331
f 1357//1350 1338//1331 1359//1352
f 1353//1346 1358//1351 1338//1331
f 1351//1344 1358//1351 1353//1346
f 1358//1351 1351//1344 1355//1348
f 1360//1353 1357//1350 1359//1352
f 1355//1348 1359//1352 1358//1351
f 1359//1352 1355//1348 1361//1354
f 1361//1354 1360//1353 1359//1352
f 1362//1355 1361//1354 1363//1356
f 1361//1354 1362//1355 1360//1353
f 1364//1357 1320//1313 1357//1350
f 1320//1313 1311//1304 1357//1350
f 1362//1355 1364//1357 1357//1350
f 1347//1340 1321//1314 1356//1349
f 1314//1307 1367//1360 1366//1359
f 1321//1314 1366//1359 1356//1349
f 1366//1359 1367//1360 1368//1361
f 1363//1356 1356//1349 1366//1359
f 1369//1362 1370//1363 1363//1356
f 1369//1362 1368//1361 1370//1363
f 1367//1360 1322//1315 1371//1364
f 1364//1357 1372//1365 1365//1358
f 1362//1355 1372//1365 1364//1357
f 1372//1365 1374//1367 1375//1368
f 1372//1365 1373//1366 1365//1358
f 1373//1366 1372//1365 1375//1368
f 1374//1367 1367//1360 1377//1370
f 1367//1360 1374//1367 1370//1363
f 1374//1367 1371//1364 1375//1368
f 1320//1313 1381//1374 1317//1310
f 1371//1364 1377//1370 1367//1360
f 1371//1364 1379//1372 1375//1368
f 1320//1313 1376//1369 1380//1373
f 1376//1369 1381//1374 1380//1373
f 1381//1374 1383//1376 1382//1375
f 1373//1366 1376//1369 1320//1313
f 1376//1369 1384//1377 1381//1374
f 1384//1377 1376//1369 1385//1378
f 1375//1368 1385//1378 1376//1369
f 1384//1377 1386//1379 1381//1374
f 1378//1371 1386//1379 1385//1378
f 1322//1315 1387//1380 1379//1372
f 1322//1315 1379//1372 1371//1364
f 1378//1371 1379//1372 1387//1380
f 1322//1315 1388//1381 1387//1380
f 1324//1317 1325//1318 1389//1382
f 1388//1381 1324//1317 1390//1383
f 1324//1317 1389//1382 1391//1384
f 1393//1386 1388//1381 1390//1383
f 1387//1380 1388//1381 1378//1371
f 1388//1381 1393//1386 1378//1371
f 1393//1386 1390//1383 1396//1389
f 1393//1386 1394//1387 1392//1385
f 1394//1387 1395//1388 1392//1385
f 1396//1389 1391//1384 1393//1386
f 1391//1384 1397//1390 1394//1387
f 1396//1389 1390//1383 1324//1317
f 1324//1317 1391//1384 1396//1389
f 1383//1376 1392//1385 1382//1375
f 1326//1319 1317//1310 1382//1375
f 1382//1375 1392//1385 1401//1394
f 1401//1394 1392//1385 1395//1388
f 1401//1394 1402//1395 1399//1392
f 1397//1390 1400//1393 1403//1396
f 1397//1390 1403//1396 1395//1388
f 1403//1396 1402//1395 1401//1394
f 1408//1401 1406//1399 1326//1319
f 1403//1396 1405//1398 1402//1395
f 1406//1399 1328//1321 1326//1319
f 1326//1319 1398//1391 1407//1400
f 1407//1400 1398//1391 1404//1397
f 1402//1395 1409//1402 1407//1400
f 1402//1395 1407//1400 1404//1397
f 1408//1401 1410//1403 1406//1399
f 1409//1402 1408//1401 1407//1400
f 1408//1401 1411//1404 1410//1403
f 1409//1402 1411//1404 1408//1401
f 1389//1382 1325//1318 1400//1393
f 1405//1398 1400//1393 1412//1405
f 1400//1393 1405//1398 1403//1396
f 1325//1318 1412//1405 1400//1393
f 1331//1324 1414//1407 1330//1323
f 1415//1408 1413//1406 1412//1405
f 1413//1406 1415//1408 1405//1398
f 1415//1408 1411//1404 1409//1402
f 1411//1404 1416//1409 1410//1403
f 1411//1404 1417//1410 1416//1409
f 1415//1408 1417//1410 1411//1404
f 1415//1408 1413//1406 1418//1411
f 1413//1406 1330//1323 1418//1411
f 1418//1411 1330//1323 1415//1408
f 1419//1412 1417//1410 1414//1407
f 1330//1323 1417//1410 1415//1408
f 1420//1413 1419//1412 1414//1407
f 1416//1409 1421//1414 1406//1399
f 1421//1414 1424//1417 1422//1415
f 1421//1414 1423//1416 1424//1417
f 1424//1417 1423//1416 1425//1418
f 1416//1409 1425//1418 1423//1416
f 1424//1417 1427//1420 1422//1415
f 1419//1412 1426//1419 1416//1409
f 1331//1324 1332//1325 1429//1422
f 1426//1419 1427//1420 1425//1418
f 1420//1413 1426//1419 1419//1412
f 1331//1324 1429//1422 1430//1423
f 1426//1419 1420//1413 1430//1423
f 1331//1324 1430//1423 1420//1413
f 1430//1423 1432//1425 1426//1419
f 1432//1425 1433//1426 1426//1419
f 1433//1426 1434//1427 1431//1424
f 1434//1427 1432//1425 1429//1422
f 1332//1325 1431//1424 1434//1427
f 1435//1428 581//580 583//582
f 582//581 1436//1429 1437//1430
f 584//583 1435//1428 583//582
f 1435//1428 1436//1429 581//580
f 1435//1428 584//583 1096//1089
f 1439//1432 1437//1430 1436//1429
f 1438//1431 1439//1432 1435//1428
f 1100//1093 1096//1089 1098//1091
f 1100//1093 1441//1434 1439//1432
f 1439//1432 1442//1435 1440//1433
f 1105//1098 1441//1434 1100//1093
f 1437//1430 591//590 582//581
f 1437//1430 1446//1439 1444//1437
f 1440//1433 1446//1439 1437//1430
f 1447//1440 1444//1437 1446//1439
f 1440//1433 1449//1442 1446//1439
f 1449//1442 1447//1440 1446//1439
f 1114//1107 1448//1441 1447//1440
f 1449//1442 1442//1435 1450//1443
f 1447//1440 1451//1444 1114//1107
f 1451//1444 1447//1440 1450//1443
f 1444//1437 598//597 591//590
f 598//597 1453//1446 599//598
f 1444//1437 1445//1438 598//597
f 1453//1446 1454//1447 600//599
f 1445//1438 1448//1441 1455//1448
f 1453//1446 1455//1448 1454//1447
f 1453//1446 1445//1438 1455//1448
f 1121//1114 1123//1116 1448//1441
f 1123//1116 1457//1450 1455//1448
f 1455//1448 1457//1450 1454//1447
f 1458//1451 609//608 610//609
f 600//599 1454//1447 1458//1451
f 1459//1452 611//610 1458//1451
f 1454//1447 1457//1450 1458//1451
f 1458//1451 1460//1453 1459//1452
f 1460//1453 1462//1455 1459//1452
f 1460//1453 1456//1449 1461//1454
f 1460//1453 1464//1457 1462//1455
f 1463//1456 1456//1449 1124//1117
f 1463//1456 1124//1117 1125//1118
f 1463//1456 1465//1458 1461//1454
f 1461//1454 1464//1457 1460//1453
f 1464//1457 1465//1458 1467//1460
f 1463//1456 1125//1118 1127//1120
f 1462//1455 1470//1463 1468//1461
f 1464//1457 1471//1464 1470//1463
f 1469//1462 1471//1464 1466//1459
f 1468//1461 1459//1452 1462//1455
f 1473//1466 612//611 611//610
f 1474//1467 552//551 1473//1466
f 534//534 552//551 1474//1467
f 1474//1467 1473//1466 1468//1461
f 626//625 1475//1468 624//623
f 625//624 1476//1469 627//626
f 1476//1469 625//624 624//623
f 626//625 1477//1470 1475//1468
f 626//625 623//622 1477//1470
f 628//627 1477//1470 623//622
f 1476//1469 1481//1474 1478//1471
f 1475//1468 1477//1470 1480//1473
f 1467//1460 1465//1458 1127//1120
f 1467//1460 1469//1462 1466//1459
f 1482//1475 1469//1462 1467//1460
f 1467//1460 1142//1135 1483//1476
f 1480//1473 1467//1460 1483//1476
f 1482//1475 1467//1460 1477//1470
f 1481//1474 1480//1473 1484//1477
f 1485//1478 1469//1462 1479//1472
f 1484//1477 1480//1473 1483//1476
f 1485//1478 1486//1479 1469//1462
f 1145//1138 1483//1476 1142//1135
f 1483//1476 1487//1480 1484//1477
f 1489//1482 1481//1474 1484//1477
f 1145//1138 1490//1483 1487//1480
f 1489//1482 1484//1477 1488//1481
f 1479//1472 628//627 1491//1484
f 543//543 1491//1484 628//627
f 1493//1486 1441//1434 1443//1436
f 1442//1435 1441//1434 1493//1486
f 1494//1487 1105//1098 1146//1139
f 1493//1486 1443//1436 1494//1487
f 1495//1488 1494//1487 1146//1139
f 1496//1489 1146//1139 1105//1098
f 1493//1486 1494//1487 1495//1488
f 1498//1491 1105//1098 1146//1139
f 1499//1492 1497//1490 1493//1486
f 1499//1492 1495//1488 1496//1489
f 1493//1486 1497//1490 1442//1435
f 1451//1444 1117//1110 1114//1107
f 1502//1495 1451//1444 1504//1497
f 1451//1444 1502//1495 1117//1110
f 1452//1445 1503//1496 1504//1497
f 1497//1490 1506//1499 1503//1496
f 1497//1490 1500//1493 1506//1499
f 1506//1499 1505//1498 1503//1496
f 1470//1463 1471//1464 1508//1501
f 1471//1464 1472//1465 1508//1501
f 1470//1463 1508//1501 1511//1504
f 1470//1463 1510//1503 1468//1461
f 1509//1502 1511//1504 1508//1501
f 1486//1479 1513//1506 1472//1465
f 1490//1483 1145//1138 1156//1149
f 1516//1509 1512//1505 1488//1481
f 1514//1507 1487//1480 1515//1508
f 1156//1149 1158//1151 1490//1483
f 1158//1151 1163//1156 1519//1512
f 1513//1506 1518//1511 1509//1502
f 1519//1512 1515//1508 1158//1151
f 1520//1513 1516//1509 1515//1508
f 1498//1491 1146//1139 1151//1144
f 1524//1517 1499//1492 1496//1489
f 1500//1493 1499//1492 1521//1514
f 1525//1518 1526//1519 1521//1514
f 1521//1514 1528//1521 1525//1518
f 1528//1521 1521//1514 1524//1517
f 1529//1522 1527//1520 1528//1521
f 1529//1522 1498//1491 1175//1168
f 1526//1519 1522//1515 1521//1514
f 1531//1524 1530//1523 1529//1522
f 1501//1494 1532//1525 1533//1526
f 1532//1525 1501//1494 1526//1519
f 1525//1518 1527//1520 1526//1519
f 1526//1519 1534//1527 1532//1525
f 1535//1528 1533//1526 1532//1525
f 1527//1520 1530//1523 1537//1530
f 1537//1530 1534//1527 1527//1520
f 1537//1530 1538//1531 1534//1527
f 1530//1523 1531//1524 1537//1530
f 1535//1528 1534//1527 1538//1531
f 1536//1529 1535//1528 1539//1532
f 1540//1533 1506//1499 1500//1493
f 1540//1533 1500//1493 1523//1516
f 1541//1534 1540//1533 1506//1499
f 1167//1160 1117//1110 1504//1497
f 1542//1535 1505//1498 1506//1499
f 1543//1536 1540//1533 1541//1534
f 1543//1536 1542//1535 1540//1533
f 1542//1535 1544//1537 1505//1498
f 1543//1536 1545//1538 1542//1535
f 1542//1535 1545//1538 1544//1537
f 1543//1536 1546//1539 1545//1538
f 1547//1540 1507//1500 1544//1537
f 1544//1537 1545//1538 1548//1541
f 1548//1541 1545//1538 1546//1539
f 1167//1160 1507//1500 1547//1540
f 1547//1540 1544//1537 1548//1541
f 1541//1534 1540//1533 1523//1516
f 1541//1534 1501//1494 1533//1526
f 1536//1529 1550//1543 1533//1526
f 1541//1534 1533//1526 1550//1543
f 1543//1536 1541//1534 1546//1539
f 1546//1539 1541//1534 1551//1544
f 1550//1543 1551//1544 1541//1534
f 1552//1545 1551//1544 1550//1543
f 1552//1545 1550//1543 1536//1529
f 1546//1539 1552//1545 1549//1542
f 1539//1532 1552//1545 1536//1529
f 1539//1532 1553//1546 1552//1545
f 1549//1542 1548//1541 1546//1539
f 1552//1545 1553//1546 1549//1542
f 1509//1502 1555//1548 1511//1504
f 1518//1511 1555//1548 1509//1502
f 1556//1549 1520//1513 1519//1512
f 1520//1513 1556//1549 1557//1550
f 1520//1513 1557//1550 1517//1510
f 1163//1156 1556//1549 1519//1512
f 1558//1551 1556//1549 1169//1162
f 1171//1164 1558//1551 1169//1162
f 543//543 1559//1552 1491//1484
f 1491//1484 1560//1553 1492//1485
f 1492//1485 1560//1553 1486//1479
f 1175//1168 1561//1554 1529//1522
f 1531//1524 1529//1522 1562//1555
f 1564//1557 1563//1556 1562//1555
f 1561//1554 1566//1559 1562//1555
f 1566//1559 1178//1171 1564//1557
f 1537//1530 1531//1524 1565//1558
f 1563//1556 1565//1558 1531//1524
f 1553//1546 1539//1532 1565//1558
f 1568//1561 1548//1541 1567//1560
f 1568//1561 1547//1540 1548//1541
f 1181//1174 1179//1172 1180//1173
f 1564//1557 1569//1562 1565//1558
f 1569//1562 1564//1557 1567//1560
f 1568//1561 1564//1557 1181//1174
f 1181//1174 1180//1173 1568//1561
f 1567//1560 1549//1542 1553//1546
f 1565//1558 1569//1562 1553//1546
f 1511//1504 1555//1548 1570//1563
f 1511//1504 1570//1563 1572//1565
f 1573//1566 1470//1463 1572//1565
f 1470//1463 1573//1566 1510//1503
f 536//536 1575//1568 537//537
f 1575//1568 535//535 537//537
f 1571//1564 1513//1506 1576//1569
f 510//510 1559//1552 543//543
f 510//510 542//542 1559//1552
f 1570//1563 1578//1571 1577//1570
f 1574//1567 1468//1461 1554//1547
f 1560//1553 1576//1569 1486//1479
f 1491//1484 1559//1552 1560//1553
f 1578//1571 1579//1572 1577//1570
f 1281//1274 1278//1271 1581//1574
f 1580//1573 1579//1572 1584//1577
f 1580//1573 1573//1566 1577//1570
f 1573//1566 1585//1578 1554//1547
f 1586//1579 1573//1566 1580//1573
f 1586//1579 1580//1573 1587//1580
f 1580//1573 1584//1577 1587//1580
f 1281//1274 1286//1279 1284//1277
f 1588//1581 1281//1274 1582//1575
f 1583//1576 1588//1581 1582//1575
f 1583//1576 1585//1578 1589//1582
f 1589//1582 1586//1579 1583//1576
f 1589//1582 1585//1578 1586//1579
f 1586//1579 1590//1583 1588//1581
f 1588//1581 1590//1583 1286//1279
f 1590//1583 1591//1584 1286//1279
f 1590//1583 1586//1579 1587//1580
f 1590//1583 1592//1585 1591//1584
f 1587//1580 1592//1585 1590//1583
f 1593//1586 1592//1585 1587//1580
f 1554//1547 1585//1578 1594//1587
f 1575//1568 1595//1588 542//542
f 1595//1588 569//568 1596//1589
f 1594//1587 1598//1591 1574//1567
f 1596//1589 569//568 538//538
f 1599//1592 1595//1588 1596//1589
f 1599//1592 1600//1593 1597//1590
f 1584//1577 1579//1572 1576//1569
f 1576//1569 1602//1595 1593//1586
f 1576//1569 1587//1580 1584//1577
f 1603//1596 1602//1595 1604//1597
f 1606//1599 1605//1598 1604//1597
f 1607//1600 1559//1552 1608//1601
f 1608//1601 1559//1552 542//542
f 1608//1601 542//542 1597//1590
f 542//542 1595//1588 1597//1590
f 1608//1601 1609//1602 1607//1600
f 1608//1601 1610//1603 1609//1602
f 1610//1603 1608//1601 1597//1590
f 1612//1605 1604//1597 1602//1595
f 1607//1600 1609//1602 1613//1606
f 1613//1606 1612//1605 1607//1600
f 1604//1597 1612//1605 1606//1599
f 1609//1602 1610//1603 1614//1607
f 1609//1602 1614//1607 1613//1606
f 1611//1604 1614//1607 1610//1603
f 1601//1594 1616//1609 1600//1593
f 1616//1609 1597//1590 1600//1593
f 1597//1590 1616//1609 1610//1603
f 1615//1608 1617//1610 1601//1594
f 1620//1613 1611//1604 1610//1603
f 1619//1612 1617//1610 1615//1608
f 1620//1613 1610//1603 1617//1610
f 1617//1610 1621//1614 1620//1613
f 1619//1612 1621//1614 1617//1610
f 1618//1611 1622//1615 1619//1612
f 1621//1614 1623//1616 1620//1613
f 1623//1616 1611//1604 1620//1613
f 1625//1618 1622//1615 1618//1611
f 1627//1620 1628//1621 1626//1619
f 1630//1623 1622//1615 1626//1619
f 1628//1621 1630//1623 1626//1619
f 1278//1271 1582//1575 1581//1574
f 1582//1575 1633//1626 1583//1576
f 1582//1575 1634//1627 1633//1626
f 1582//1575 1278//1271 1634//1627
f 1583//1576 1633//1626 1594//1587
f 1286//1279 1592//1585 1285//1278
f 1308//1301 1306//1299 1592//1585
f 1635//1628 1308//1301 1592//1585
f 1640//1633 1641//1634 1638//1631
f 538//538 1574//1567 1638//1631
f 1639//1632 1596//1589 538//538
f 1637//1630 1596//1589 1639//1632
f 1640//1633 1598//1591 1636//1629
f 1638//1631 1598//1591 1640//1633
f 1638//1631 1641//1634 1639//1632
f 1637//1630 1600//1593 1599//1592
f 1599//1592 1596//1589 1637//1630
f 1637//1630 1643//1636 1600//1593
f 1601//1594 1600//1593 1643//1636
f 1603//1596 1635//1628 1593//1586
f 1604//1597 1646//1639 1603//1596
f 1604//1597 1647//1640 1646//1639
f 1623//1616 1614//1607 1611//1604
f 1650//1643 1614//1607 1651//1644
f 1613//1606 1652//1645 1606//1599
f 1650//1643 1652//1645 1613//1606
f 1601//1594 1653//1646 1615//1608
f 1649//1642 2024//2013 1652//1645
f 1653//1646 1625//1618 1618//1611
f 1618//1611 1615//1608 1653//1646
f 1654//1647 1651//1644 1623//1616
f 1653//1646 1601//1594 1644//1637
f 1627//1620 1632//1625 1631//1624
f 1644//1637 1627//1620 1653//1646
f 1655//1648 1644//1637 2029//2018
f 1641//1634 1658//1651 1664//1657
f 1637//1630 1639//1632 1642//1635
f 1657//1650 1636//1629 1598//1591
f 1641//1634 1640//1633 1658//1651
f 1650//1643 1662//1655 1613//1606
f 2027//2016 1661//1654 1651//1644
f 1656//1649 1634//1627 1327//1320
f 1633//1626 1634//1627 1656//1649
f 1664//1657 1642//1635 1641//1634
f 1308//1301 1635//1628 1666//1659
f 1646//1639 1660//1653 1635//1628
f 1667//1660 1642//1635 1664//1657
f 1668//1661 1642//1635 1667//1660
f 1669//1662 1643//1636 1637//1630
f 1665//1658 1643//1636 1669//1662
f 1669//1662 1637//1630 1668//1661
f 1660//1653 1666//1659 1635//1628
f 1647//1640 1659//1652 1660//1653
f 1663//1656 1662//1655 1650//1643
f 1670//1663 1664//1657 1658//1651
f 1670//1663 1671//1664 1664//1657
f 1672//1665 1670//1663 1657//1650
f 1672//1665 1671//1664 1670//1663
f 1656//1649 1675//1668 1657//1650
f 1668//1661 1671//1664 1673//1666
f 1308//1301 1666//1659 1316//1309
f 1674//1667 1668//1661 1673//1666
f 1676//1669 1673//1666 1672//1665
f 1675//1668 1676//1669 1672//1665
f 1662//1655 1677//1670 1652//1645
f 1649//1642 1652//1645 1677//1670
f 1679//1672 1660//1653 1659//1652
f 1660//1653 1682//1675 1666//1659
f 1680//1673 1679//1672 1683//1676
f 1680//1673 1682//1675 1660//1653
f 1681//1674 1677//1670 1662//1655
f 1662//1655 1684//1677 1681//1674
f 1663//1656 1684//1677 1662//1655
f 1422//1415 1688//1681 1687//1680
f 2050//2039 1661//1654 2027//2016
f 1678//1671 1685//1678 1665//1658
f 1656//1649 1328//1321 1687//1680
f 1687//1680 1689//1682 1656//1649
f 1688//1681 1427//1420 1687//1680
f 1427//1420 1688//1681 1422//1415
f 1687//1680 1688//1681 1428//1421
f 1332//1325 1690//1683 1431//1424
f 1682//1675 1690//1683 1666//1659
f 1687//1680 1428//1421 1692//1685
f 1694//1687 1431//1424 1691//1684
f 1692//1685 1693//1686 1689//1682
f 1431//1424 1694//1687 1428//1421
f 1692//1685 1695//1688 1693//1686
f 1694//1687 1696//1689 1692//1685
f 1691//1684 1696//1689 1694//1687
f 1690//1683 1691//1684 1431//1424
f 1696//1689 1691//1684 1697//1690
f 1698//1691 1675//1668 1656//1649
f 1676//1669 1675//1668 1699//1692
f 1689//1682 1698//1691 1656//1649
f 1676//1669 1700//1693 1674//1667
f 1701//1694 1669//1662 1674//1667
f 1699//1692 1693//1686 1695//1688
f 1699//1692 1695//1688 1700//1693
f 1702//1695 1700//1693 1695//1688
f 1702//1695 1701//1694 1700//1693
f 1696//1689 1703//1696 1695//1688
f 1706//1699 1705//1698 1669//1662
f 1703//1696 1704//1697 1701//1694
f 1707//1700 1682//1675 1708//1701
f 1708//1701 1709//1702 1681//1674
f 1709//1702 1708//1701 1680//1673
f 1680//1673 1683//1676 1709//1702
f 1697//1690 1691//1684 1682//1675
f 1707//1700 1708//1701 1684//1677
f 1710//1703 1684//1677 1708//1701
f 1681//1674 1684//1677 1710//1703
f 1711//1704 1697//1690 1707//1700
f 1712//1705 1711//1704 1663//1656
f 1703//1696 1711//1704 1713//1706
f 1661//1654 1715//1708 1714//1707
f 1712//1705 1714//1707 1713//1706
f 1661//1654 1714//1707 1712//1705
f 1678//1671 1716//1709 1705//1698
f 1706//1699 1717//1710 1716//1709
f 1704//1697 1717//1710 1706//1699
f 1704//1697 1713//1706 1717//1710
f 1705//1698 1716//1709 1718//1711
f 1713//1706 1714//1707 1717//1710
f 1717//1710 1718//1711 1716//1709
f 1714//1707 1719//1712 1718//1711
f 1719//1712 1720//1713 1718//1711
f 1719//1712 1714//1707 1715//1708
f 1721//1714 1678//1671 1705//1698
f 1722//1715 1721//1714 1705//1698
f 1722//1715 1718//1711 1720//1713
f 1724//1717 1721//1714 1723//1716
f 1720//1713 1723//1716 1722//1715
f 1723//1716 1720//1713 1725//1718
f 1725//1718 1724//1717 1723//1716
f 1725//1718 1726//1719 1724//1717
f 1727//1720 1686//1679 1726//1719
f 695//694 694//693 1728//1721
f 695//694 1728//1721 1129//1122
f 1129//1122 1728//1721 1136//1129
f 701//700 700//699 1729//1722
f 694//693 701//700 1728//1721
f 1728//1721 701//700 1730//1723
f 1730//1723 1136//1129 1728//1721
f 1730//1723 1729//1722 1731//1724
f 1135//1128 1136//1129 1732//1725
f 1732//1725 1136//1129 1733//1726
f 1729//1722 700//699 712//711
f 1732//1725 1733//1726 1731//1724
f 710//709 1734//1727 712//711
f 710//709 711//710 1734//1727
f 1729//1722 712//711 1731//1724
f 712//711 1735//1728 1731//1724
f 1735//1728 712//711 1734//1727
f 1138//1131 1139//1132 1737//1730
f 1141//1134 1737//1730 1139//1132
f 1731//1724 1735//1728 1732//1725
f 1735//1728 1141//1134 1732//1725
f 1734//1727 1738//1731 1735//1728
f 1135//1128 1732//1725 1141//1134
f 1737//1730 1738//1731 1739//1732
f 1740//1733 1144//1137 1737//1730
f 1739//1732 1742//1735 1740//1733
f 716//715 729//728 720//719
f 719//718 1748//1740 1745//1737
f 1743//1736 719//718 1745//1737
f 720//719 1748//1740 719//718
f 720//719 1746//1738 1748//1740
f 1749//1741 1745//1737 1747//1739
f 1745//1737 1748//1740 1747//1739
f 1748//1740 1750//1742 1747//1739
f 1750//1742 1748//1740 1746//1738
f 1743//1736 717//716 719//718
f 728//727 726//725 721//720
f 1736//1729 711//710 1752//1744
f 727//726 1743//1736 1753//1745
f 727//726 1753//1745 1754//1746
f 1743//1736 1749//1741 1753//1745
f 1754//1746 728//727 727//726
f 1754//1746 1755//1747 728//727
f 1755//1747 726//725 728//727
f 1749//1741 1754//1746 1753//1745
f 1749//1741 1756//1748 1754//1746
f 1757//1749 1754//1746 1756//1748
f 1757//1749 1759//1751 1751//1743
f 1757//1749 1751//1743 1755//1747
f 729//728 735//734 1760//1752
f 729//728 1760//1752 1746//1738
f 1746//1738 1760//1752 1747//1739
f 1746//1738 1747//1739 1750//1742
f 733//732 734//733 736//735
f 1747//1739 735//734 1756//1748
f 735//734 733//732 1759//1751
f 1759//1751 733//732 1762//1754
f 1759//1751 735//734 1761//1753
f 733//732 736//735 1762//1754
f 1763//1755 1762//1754 736//735
f 1759//1751 1762//1754 1751//1743
f 1751//1743 1762//1754 1765//1757
f 1765//1757 1762//1754 1763//1755
f 742//741 1764//1756 737//736
f 736//735 1767//1759 1763//1755
f 1767//1759 1764//1756 1763//1755
f 1770//1762 1769//1761 743//742
f 1764//1756 742//741 1769//1761
f 1771//1763 1764//1756 1769//1761
f 1771//1763 1769//1761 1772//1764
f 1769//1761 1773//1765 1772//1764
f 1777//1769 749//748 748//747
f 1776//1768 748//747 744//743
f 747//746 749//748 1775//1767
f 741//740 750//749 1770//1762
f 744//743 1774//1766 1776//1768
f 1778//1770 1775//1767 1777//1769
f 750//749 1773//1765 1770//1762
f 1778//1770 1777//1769 1776//1768
f 751//750 1774//1766 744//743
f 1782//1774 751//750 759//758
f 759//758 757//756 760//759
f 760//759 1781//1773 759//758
f 761//760 758//757 760//759
f 1782//1774 1774//1766 751//750
f 759//758 1781//1773 1782//1774
f 1781//1773 760//759 1783//1775
f 760//759 758//757 1784//1776
f 1778//1770 1781//1773 1779//1771
f 1778//1770 1774//1766 1782//1774
f 1784//1776 1783//1775 760//759
f 1785//1777 1786//1778 1780//1772
f 1789//1781 758//757 767//766
f 1785//1777 1787//1779 1786//1778
f 1784//1776 1788//1780 1787//1779
f 758//757 1789//1781 1784//1776
f 767//766 1790//1782 1791//1783
f 767//766 1791//1783 1789//1781
f 1791//1783 1792//1784 1784//1776
f 1793//1785 1792//1784 1791//1783
f 1794//1786 1784//1776 1792//1784
f 1788//1780 1784//1776 1794//1786
f 1788//1780 1794//1786 1796//1788
f 1794//1786 1795//1787 1796//1788
f 766//765 772//771 1790//1782
f 774//773 1797//1789 773//772
f 1800//1792 1797//1789 1799//1791
f 774//773 1798//1790 1797//1789
f 1798//1790 1799//1791 1797//1789
f 1798//1790 1801//1793 1799//1791
f 1795//1787 1794//1786 1793//1785
f 775//774 1798//1790 774//773
f 1144//1137 1740//1733 1802//1794
f 1740//1733 1804//1796 1803//1795
f 1803//1795 1802//1794 1740//1733
f 1741//1734 1804//1796 1740//1733
f 1159//1152 1803//1795 1806//1798
f 1159//1152 1802//1794 1803//1795
f 1161//1154 1159//1152 1806//1798
f 1804//1796 1807//1799 1803//1795
f 1161//1154 1806//1798 1808//1800
f 1808//1800 1806//1798 1807//1799
f 1161//1154 1808//1800 1164//1157
f 1807//1799 1805//1797 1810//1802
f 1788//1780 1812//1804 1787//1779
f 1795//1787 1813//1805 1796//1788
f 1164//1157 1170//1163 1168//1161
f 1815//1807 1814//1806 1810//1802
f 1814//1806 1817//1809 1816//1808
f 1170//1163 1814//1806 1172//1165
f 1816//1808 1173//1166 1172//1165
f 1796//1788 1818//1810 1788//1780
f 1818//1810 1819//1811 1788//1780
f 1821//1813 1820//1812 1811//1803
f 1812//1804 1819//1811 1818//1810
f 1818//1810 1821//1813 1812//1804
f 1818//1810 1813//1805 1822//1814
f 1813//1805 1824//1816 1822//1814
f 1826//1818 1825//1817 1827//1819
f 1827//1819 1828//631 1829//1820
f 1829//1820 1831//634 1830//1821
f 1829//1820 1828//631 1831//634
f 1830//1821 1831//634 1832//1822
f 1830//1821 1832//1822 1833//1823
f 1835//1825 1836//1826 1648//1641
f 1837//1827 1831//634 1828//631
f 1837//1827 1832//1822 1831//634
f 1837//1827 2030//2019 1838//1828
f 1833//1823 1834//1824 1839//1829
f 1839//1829 1834//1824 1841//1831
f 1833//1823 1840//1830 1836//1826
f 1842//1832 1841//1831 1834//1824
f 1840//1830 1833//1823 1841//1831
f 1833//1823 1839//1829 1841//1831
f 1840//1830 1845//1835 1846//1836
f 1841//1831 1842//1832 1844//1834
f 1842//1832 1838//1828 1844//1834
f 1844//1834 1845//1835 1841//1831
f 1659//1652 1836//1826 1843//1833
f 1843//1833 1836//1826 1840//1830
f 1849//1839 2053//2042 1848//1838
f 2063//2052 1838//1828 1677//1670
f 1843//1833 1852//1842 1848//1838
f 1851//1841 1854//1844 1844//1834
f 1846//1836 1853//1843 1843//1833
f 1844//1834 1856//1846 1845//1835
f 1845//1835 1857//1847 1846//1836
f 1857//1847 1853//1843 1846//1836
f 1854//1844 1856//1846 1844//1834
f 1848//1838 1852//1842 1859//1849
f 1859//1849 1855//1845 1858//1848
f 1859//1849 1861//1851 1855//1845
f 1860//1850 1859//1849 1852//1842
f 1855//1845 1861//1851 1851//1841
f 1854//1844 1861//1851 1860//1850
f 1861//1851 1854//1844 1851//1841
f 1853//1843 1862//1852 1860//1850
f 1860//1850 1862//1852 1854//1844
f 1857//1847 1856//1846 1862//1852
f 1862//1852 1856//1846 1854//1844
f 625//624 627//626 1036//1031
f 1863//1853 1038//1033 1037//1032
f 1036//1031 627//626 1478//1471
f 1864//1854 1037//1032 1036//1031
f 1038//1033 1863//1853 1865//1855
f 1864//1854 1478//1471 1481//1474
f 1864//1854 1866//1856 1867//1857
f 1866//1856 1864//1854 1481//1474
f 1867//1857 1863//1853 1864//1854
f 1867//1857 1868//1858 1863//1853
f 1736//1729 1868//1858 1739//1732
f 1869//1859 1868//1858 1867//1857
f 1489//1482 1870//1860 1866//1856
f 1489//1482 1866//1856 1481//1474
f 1868//1858 1742//1735 1739//1732
f 725//724 726//725 1752//1744
f 1865//1855 1752//1744 1044//1039
f 1865//1855 1044//1039 1038//1033
f 1752//1744 1872//1862 1044//1039
f 1752//1744 726//725 1872//1862
f 726//725 1755//1747 1758//1750
f 1872//1862 726//725 1758//1750
f 1872//1862 1873//1863 1042//1037
f 1042//1037 1041//1036 1872//1862
f 1736//1729 1752//1744 1865//1855
f 1872//1862 1758//1750 1873//1863
f 1051//1046 1053//1048 1875//1865
f 1876//1866 1053//1048 1050//1045
f 1875//1865 1052//1047 1051//1046
f 1050//1045 1042//1037 1874//1864
f 1751//1743 1765//1757 1758//1750
f 1052//1047 1875//1865 1877//1867
f 1878//1868 1765//1757 1766//1758
f 1766//1758 1768//1760 1878//1868
f 1768//1760 1764//1756 1771//1763
f 1876//1866 1879//1869 1877//1867
f 1880//1870 1879//1869 1768//1760
f 1880//1870 1877//1867 1879//1869
f 1874//1864 1873//1863 1765//1757
f 1879//1869 1876//1866 1878//1868
f 1881//1871 1883//1873 1062//1057
f 1882//1872 1060//1055 1054//1049
f 1880//1870 1768//1760 1771//1763
f 1880//1870 1882//1872 1877//1867
f 1880//1870 1884//1874 1885//1875
f 1884//1874 1880//1870 1771//1763
f 1885//1875 1882//1872 1880//1870
f 1885//1875 1884//1874 1886//1876
f 1772//1764 1886//1876 1884//1874
f 1885//1875 1886//1876 1887//1877
f 1885//1875 1883//1873 1881//1871
f 1772//1764 1773//1765 1886//1876
f 1068//1063 1889//1879 1067//1062
f 1062//1057 1883//1873 1888//1878
f 1890//1880 1775//1767 1891//1881
f 1068//1063 1891//1881 1889//1879
f 1775//1767 1892//1882 1891//1881
f 1889//1879 1891//1881 1892//1882
f 1775//1767 1778//1770 1779//1771
f 1068//1063 1890//1880 1891//1881
f 1883//1873 1887//1877 1888//1878
f 1068//1063 1888//1878 1887//1877
f 1889//1879 1892//1882 1893//1883
f 1773//1765 1894//1884 1886//1876
f 1886//1876 1894//1884 1887//1877
f 1773//1765 1890//1880 1894//1884
f 1779//1771 1893//1883 1892//1882
f 1895//1885 1893//1883 1780//1772
f 1067//1062 1889//1879 1074//1069
f 1072//1067 1074//1069 1896//1886
f 1072//1067 1896//1886 1075//1070
f 1889//1879 1893//1883 1074//1069
f 1075//1070 1896//1886 1898//1888
f 1899//1889 1901//1891 1898//1888
f 1899//1889 1896//1886 1897//1887
f 1898//1888 1896//1886 1899//1889
f 1075//1070 1081//1076 1080//1075
f 1900//1890 1893//1883 1895//1885
f 1899//1889 1897//1887 1900//1890
f 1902//1892 1901//1891 1899//1889
f 1902//1892 1900//1890 1903//1893
f 1904//1894 1081//1076 1075//1070
f 1905//1895 1082//1077 1081//1076
f 1898//1888 1904//1894 1075//1070
f 1906//1896 1905//1895 1907//1897
f 1901//1891 1909//1899 1907//1897
f 1907//1897 1909//1899 1908//1898
f 1909//1899 1902//1892 1910//1900
f 1906//1896 1089//1084 1082//1077
f 1090//1085 1089//1084 1911//1901
f 1799//1791 1913//1903 1800//1792
f 1911//1901 1906//1896 1908//1898
f 1914//1904 1908//1898 1912//1902
f 1795//1787 1800//1792 1915//1905
f 1915//1905 1912//1902 1908//1898
f 1800//1792 1912//1902 1915//1905
f 1915//1905 1908//1898 1909//1899
f 1915//1905 1909//1899 1916//1906
f 1795//1787 1916//1906 1796//1788
f 775//774 1917//1907 1798//1790
f 1917//1907 1091//1086 1918//1908
f 1090//1085 1918//1908 1091//1086
f 1090//1085 1918//1908 1914//1904
f 1798//1790 1917//1907 1801//1793
f 1918//1908 1801//1793 1917//1907
f 1918//1908 1914//1904 1801//1793
f 1869//1859 1920//1910 1871//1861
f 1517//1510 1489//1482 1512//1505
f 1921//1911 1870//1860 1919//1909
f 1871//1861 1805//1797 1742//1735
f 1920//1910 1869//1859 1919//1909
f 1922//1912 1489//1482 1517//1510
f 1919//1909 1921//1911 1920//1910
f 1920//1910 1921//1911 1805//1797
f 1810//1802 1805//1797 1815//1807
f 1921//1911 1922//1912 1923//1913
f 1815//1807 1805//1797 1924//1914
f 1895//1885 1780//1772 1820//1812
f 1916//1906 1909//1899 1926//1916
f 1923//1913 1924//1914 1921//1911
f 1517//1510 1557//1550 1923//1913
f 1927//1917 1815//1807 1924//1914
f 1924//1914 1923//1913 1927//1917
f 1557//1550 1558//1551 1928//1918
f 1173//1166 1928//1918 1558//1551
f 1929//1919 1903//1893 1900//1890
f 1820//1812 1780//1772 1811//1803
f 1925//1915 1895//1885 1820//1812
f 1929//1919 1900//1890 1925//1915
f 1930//1920 1909//1899 1910//1900
f 1796//1788 1916//1906 1813//1805
f 1926//1916 1930//1920 1929//1919
f 1916//1906 1926//1916 1813//1805
f 1821//1813 1823//1815 1820//1812
f 1820//1812 1823//1815 1931//1921
f 1931//1921 1925//1915 1820//1812
f 1926//1916 1925//1915 1931//1921
f 1822//1814 1824//1816 1823//1815
f 1824//1816 1926//1916 1931//1921
f 1605//1598 1932//1922 1933//1923
f 1606//1599 1932//1922 1605//1598
f 1933//1923 1645//1638 1605//1598
f 1933//1923 1645//1638 1825//1817
f 1933//1923 1932//1922 1934//1924
f 1825//1817 1934//1924 1935//778
f 1621//1614 1936//1925 1624//1617
f 1622//1615 1936//1925 1621//1614
f 1937//1926 1936//1925 1629//1622
f 1938//1927 1628//1621 1627//1620
f 1630//1623 1939//1928 1629//1622
f 1938//1927 1939//1928 1630//1623
f 1939//1928 1941//1930 1937//1926
f 1938//1927 1942//1931 1939//1928
f 1940//1929 1942//1931 1938//1927
f 1939//1928 1944//1933 1941//1930
f 1943//1932 1944//1933 1942//1931
f 1945//1934 1944//1933 1943//1932
f 1627//1620 1631//1624 1938//1927
f 1631//1624 1940//1929 1938//1927
f 1947//1936 1631//1624 1632//1625
f 1946//1935 1947//1936 1632//1625
f 1947//1936 1943//1932 1940//1929
f 1946//1935 1949//1938 1947//1936
f 1946//1935 1948//1937 1949//1938
f 1948//1937 1950//1939 1949//1938
f 1947//1936 1951//1940 1943//1932
f 1951//1940 1945//1934 1943//1932
f 1951//1940 1947//1936 1949//1938
f 1949//1938 1953//1942 1951//1940
f 1950//1939 1953//1942 1949//1938
f 1951//1940 1954//1943 1945//1934
f 1955//1944 1952//1941 1948//1937
f 1956//1945 1958//1947 1952//1941
f 1956//1945 1957//1946 1958//1947
f 1826//1818 1825//1817 1960//1949
f 1825//1817 1935//778 1960//1949
f 1827//1819 1960//1949 1828//631
f 1953//1942 1954//1943 1951//1940
f 1952//1941 1961//1950 1953//1942
f 1953//1942 1961//1950 1962//1951
f 1962//1951 1954//1943 1953//1942
f 1964//1953 1963//1952 1961//1950
f 1957//1946 1965//1954 1958//1947
f 1961//1950 1952//1941 1958//1947
f 1958//1947 1964//1953 1961//1950
f 1958//1947 1965//1954 1964//1953
f 1959//1948 1965//1954 1957//1946
f 1959//1948 1966//1955 1965//1954
f 1965//1954 1967//1956 1964//1953
f 1967//1956 1965//1954 1966//1955
f 1969//1958 1967//1956 1966//1955
f 1966//1955 1970//1959 1969//1958
f 1967//1956 1963//1952 1964//1953
f 1959//1948 1972//1961 1968//1957
f 1968//1957 1966//1955 1959//1948
f 1968//1957 1972//1961 1973//1962
f 1973//1962 1975//1964 1968//1957
f 1971//1960 1966//1955 1968//1957
f 1976//1965 1973//1962 1974//1963
f 1975//1964 1971//1960 1968//1957
f 1976//1965 1977//1966 1975//1964
f 1974//1963 1978//1967 1976//1965
f 1978//1967 1974//1963 1980//1969
f 1979//1968 1978//1967 1980//1969
f 1976//1965 1983//1972 1977//1966
f 1979//1968 1983//1972 1976//1965
f 1984//1973 1971//1960 1977//1966
f 1983//1972 1985//1974 1984//1973
f 1979//1968 1986//1975 1983//1972
f 1983//1972 1987//1976 1985//1974
f 1981//1970 1989//1978 1979//1968
f 1982//1971 1989//1978 1981//1970
f 1982//1971 1990//1979 1989//1978
f 1986//1975 1979//1968 1989//1978
f 1982//1971 1991//1980 1990//1979
f 1989//1978 1992//1981 1986//1975
f 1991//1980 1993//1982 1990//1979
f 1992//1981 1989//1978 1990//1979
f 1992//1981 1988//1977 1986//1975
f 1988//1977 1987//1976 1986//1975
f 1990//1979 1988//1977 1992//1981
f 1990//1979 1994//1983 1988//1977
f 1993//1982 1994//1983 1990//1979
f 1996//1985 1993//1982 1991//1980
f 1988//1977 1994//1983 1998//1987
f 1997//1986 1998//1987 1994//1983
f 1999//1988 1996//1985 1991//1980
f 2000//1989 2001//1990 1999//1988
f 2000//1989 2002//1991 2001//1990
f 2002//1991 2003//1992 2001//1990
f 1995//1984 2006//1995 1997//1986
f 1996//1985 2006//1995 1995//1984
f 2007//1996 1996//1985 2001//1990
f 2003//1992 2007//1996 2001//1990
f 2007//1996 2009//1998 2006//1995
f 2003//1992 2010//1999 2007//1996
f 2010//1999 2003//1992 2008//1997
f 2008//1997 2011//2000 2010//1999
f 2012//2001 2009//1998 2010//1999
f 2013//2002 2010//1999 2011//2000
f 2004//1993 2008//1997 2002//1991
f 2005//1994 2008//1997 2004//1993
f 2005//1994 2014//2003 2008//1997
f 2008//1997 2016//2005 2011//2000
f 2016//2005 2008//1997 2014//2003
f 2014//2003 2017//2006 2016//2005
f 2011//2000 2018//2007 2013//2002
f 2016//2005 2018//2007 2011//2000
f 2016//2005 2017//2006 2019//2008
f 2019//2008 2020//2009 2021//2010
f 2022//2011 1934//1924 1932//1922
f 2022//2011 1932//1922 2024//2013
f 2022//2011 1935//778 1934//1924
f 2023//2012 1935//778 2022//2011
f 1946//1935 1655//1648 1948//1937
f 1648//1641 1647//1640 2025//2014
f 1835//1825 1648//1641 2025//2014
f 1944//1933 1945//1934 1937//1926
f 2026//2015 1654//1647 1937//1926
f 1655//1648 1956//1945 1948//1937
f 1955//1944 1948//1937 1956//1945
f 2028//2017 1957//1946 1956//1945
f 1959//1948 1957//1946 2028//2017
f 2028//2017 1655//1648 2029//2018
f 1837//1827 1828//631 2023//2012
f 2023//2012 1960//1949 1935//778
f 1828//631 1960//1949 2023//2012
f 1959//1948 1974//1963 1972//1961
f 2031//2020 1945//1934 1962//1951
f 1963//1952 2032//2021 2031//2020
f 2033//2022 2026//2015 2032//2021
f 1970//1959 1984//1973 2032//2021
f 1974//1963 2034//2023 1980//1969
f 1973//1962 1972//1961 1974//1963
f 1974//1963 1959//1948 2029//2018
f 2034//2023 1982//1971 1980//1969
f 1982//1971 2035//2024 1991//1980
f 1981//1970 1980//1969 1982//1971
f 1987//1976 1988//1977 1984//1973
f 1988//1977 2036//2025 2033//2022
f 2033//2022 2040//2029 2027//2016
f 2035//2024 1999//1988 1991//1980
f 2002//1991 2005//1994 2004//1993
f 2005//1994 2038//2027 2014//2003
f 2005//1994 2002//1991 2038//2027
f 2038//2027 2002//1991 2037//2026
f 2039//2028 1988//1977 2006//1995
f 2006//1995 2012//2001 2039//2028
f 2040//2029 2036//2025 2012//2001
f 2038//2027 2015//2004 2014//2003
f 2015//2004 2042//2031 2017//2006
f 2042//2031 2020//2009 2017//2006
f 2018//2007 2043//2032 2012//2001
f 2043//2032 2041//2030 2040//2029
f 2019//2008 2021//2010 2043//2032
f 2056//2045 1679//1672 2053//2042
f 2049//2038 2070//2059 2041//2030
f 2047//2036 2045//2034 2046//2035
f 2042//2031 2015//2004 2048//2037
f 2021//2010 2044//2033 2047//2036
f 2043//2032 2049//2038 2041//2030
f 2048//2037 2015//2004 2038//2027
f 1677//1670 1838//1828 1649//1642
f 2048//2037 2038//2027 2072//2061
f 2063//2052 1677//1670 2051//2040
f 1677//1670 2052//2041 2051//2040
f 2052//2041 2054//2043 2051//2040
f 2056//2045 1683//1676 1679//1672
f 2057//2046 2054//2043 2052//2041
f 2050//2039 2060//2049 2059//2048
f 2061//2050 1685//1678 2062//2051
f 2054//2043 2063//2052 2051//2040
f 2054//2043 1851//1841 2063//2052
f 2060//2049 2050//2039 2064//2053
f 2068//2057 2061//2050 2066//2055
f 2069//2058 2070//2059 2071//2060
f 2061//2050 2072//2061 1685//1678
f 2072//2061 2061//2050 2067//2056
f 2070//2059 2073//2062 2071//2060
f 2049//2038 2073//2062 2070//2059
f 1683//1676 2074//2063 1709//1702
f 1709//1702 2074//2063 2055//2044
f 1709//1702 2055//2044 1681//1674
f 2074//2063 2057//2046 1683//1676
f 2057//2046 2074//2063 2056//2045
f 2074//2063 2052//2041 2055//2044
f 2075//2064 2057//2046 2056//2045
f 1850//1840 1849//1839 2076//2065
f 1850//1840 2076//2065 2057//2046
f 1661//1654 2077//2066 1715//1708
f 2077//2066 2058//2047 2078//2067
f 1720//1713 1719//1712 2078//2067
f 2079//2068 2077//2066 2078//2067
f 2077//2066 2079//2068 1719//1712
f 2058//2047 2080//2069 2078//2067
f 2080//2069 2059//2048 2081//2070
f 1725//1718 2083//2072 1726//1719
f 2084//2073 2085//2074 2082//2071
f 2084//2073 2081//2070 2085//2074
f 1686//1679 1727//1720 2086//2075
f 2088//2077 2081//2070 2059//2048
f 2083//2072 1727//1720 1726//1719
f 2085//2074 2089//2078 1727//1720
f 2089//2078 2091//2080 2092//2081
f 2090//2079 2087//2076 2086//2075
f 2090//2079 2089//2078 2092//2081
f 2092//2081 2093//2082 2090//2079
f 2081//2070 2088//2077 2085//2074
f 2088//2077 2092//2081 2091//2080
f 2092//2081 2088//2077 2094//2083
f 1686//1679 2087//2076 2062//2051
f 2087//2076 2097//2086 2062//2051
f 2062//2051 2098//2087 2096//2085
f 2087//2076 2090//2079 2093//2082
f 2097//2086 2099//2088 2062//2051
f 2097//2086 2093//2082 2099//2088
f 1858//1848 2076//2065 1849//1839
f 2076//2065 2054//2043 2057//2046
f 2100//946 2076//2065 1858//1848
f 2076//2065 2100//946 2054//2043
f 2100//946 1855//1845 2054//2043
f 2060//2049 2102//2090 2101//2089
f 2059//2048 2060//2049 2088//2077
f 2095//2084 2094//2083 2101//2089
f 2060//2049 2101//2089 2094//2083
f 2064//2053 2105//2093 2104//2092
f 2101//2089 2103//2091 2095//2084
f 2064//2053 2104//2092 2102//2090
f 2099//2088 2093//2082 2106//2094
f 2095//2084 2106//2094 2093//2082
f 2103//2091 2108//2096 2106//2094
f 2106//2094 2098//2087 2099//2088
f 2106//2094 2107//2095 2098//2087
f 2103//2091 2106//2094 2095//2084
f 2109//2097 2110//2098 2107//2095
f 2104//2092 2109//2097 2108//2096
f 2110//2098 2109//2097 2104//2092
f 2111//2099 2105//2093 2104//2092
f 2066//2055 2062//2051 2096//2085
f 2066//2055 2096//2085 2113//2101
f 2098//2087 2107//2095 2096//2085
f 2096//2085 2107//2095 2114//2102
f 2107//2095 2112//2100 2114//2102
f 2112//2100 2107//2095 2115//2103
f 2110//2098 2115//2103 2107//2095
f 2115//2103 2113//2101 2112//2100
f 2113//2101 2115//2103 2117//2105
f 2113//2101 2117//2105 2116//2104
f 2110//2098 2119//2107 2115//2103
f 2117//2105 2118//2106 2116//2104
f 2118//2106 2117//2105 2120//2108
f 2122//2110 2068//2057 2121//2109
f 2068//2057 2066//2055 2121//2109
f 2121//2109 2066//2055 2116//2104
f 2118//2106 2121//2109 2116//2104
f 2105//2093 2065//2054 2119//2107
f 2120//2108 2119//2107 2124//2112
f 2126//2114 2127//2115 2120//2108
f 2065//2054 2124//2112 2119//2107
f 2126//2114 2125//2113 2127//2115
f 2124//2112 2128//2116 2125//2113
f 2069//2058 2128//2116 2124//2112
f 2128//2116 2071//2060 2129//2117
f 2130//2118 2068//2057 2122//2110
f 2127//2115 2131//2119 2122//2110
f 2131//2119 2130//2118 2122//2110
f 2131//2119 2133//2121 2132//2120
f 2131//2119 2132//2120 2130//2118
f 2127//2115 2125//2113 2128//2116
f 2133//2121 2129//2117 2134//2122
f 2128//2116 2133//2121 2127//2115
f 2068//2057 2136//2124 2067//2056
f 2134//2122 2135//2123 2132//2120
f 2136//2124 2137//2125 2067//2056
f 2132//2120 2136//2124 2068//2057
f 2136//2124 2139//2127 2137//2125
f 2137//2125 2139//2127 2140//2128
f 2132//2120 2140//2128 2139//2127
f 2137//2125 2140//2128 2138//2126
f 2067//2056 2143//2131 2072//2061
f 2135//2123 2141//2129 2140//2128
f 2141//2129 2142//2130 2138//2126
f 2067//2056 2142//2130 2143//2131
f 2142//2130 2138//2126 2143//2131
f 2071//2060 2144//2132 2145//2133
f 2071//2060 2145//2133 2129//2117
f 2134//2122 2129//2117 2145//2133
f 2135//2123 2145//2133 2144//2132
f 2145//2133 2135//2123 2134//2122
f 2071//2060 2146//2134 2144//2132
f 2144//2132 2148//2136 2135//2123
f 2148//2136 2149//2137 2135//2123
f 2149//2137 2150//2138 2142//2130
f 2151//2139 2148//2136 2146//2134
f 2150//2138 2151//2139 2147//2135
f 2151//2139 2150//2138 2149//2137
f 2073//2062 2147//2135 2151//2139
f 2153//2141 2048//2037 2072//2061
f 2073//2062 2049//2038 2147//2135
f 2046//2035 2154//2142 2047//2036
f 2048//2037 2155//2143 2046//2035
f 2156//2144 2147//2135 2049//2038
f 2143//2131 2142//2130 2157//2145
f 2157//2145 2142//2130 2150//2138
f 2159//2147 2158//2146 2157//2145
f 2152//2140 2159//2147 2150//2138
f 2158//2146 2155//2143 2048//2037
f 2159//2147 2152//2140 2156//2144
f 2154//2142 2155//2143 2159//2147
f 2147//2135 2156//2144 2152//2140
f 2156//2144 2049//2038 2159//2147
f 2049//2038 2047//2036 2154//2142
f 13//13 11//11 12//12
f 16//16 19//19 18//18
f 57//57 55//55 54//54
f 58//58 64//64 59//59
f 29//29 28//28 115//115
f 47//47 118//118 119//119
f 63//63 121//121 125//125
f 86//86 128//128 131//131
f 132//132 9//9 13//13
f 138//138 7//7 106//106
f 158//158 157//157 150//150
f 171//171 169//169 166//166
f 175//175 172//172 173//173
f 140//140 142//142 177//177
f 198//198 192//192 195//195
f 203//203 191//191 199//199
f 238//238 230//230 236//236
f 241//241 234//234 242//242
f 288//288 295//295 292//292
f 295//295 294//294 297//297
f 280//280 312//312 281//281
f 281//281 312//312 313//313
f 300//300 344//344 343//343
f 288//288 328//328 343//343
f 340//340 352//352 345//345
f 354//354 348//348 352//352
f 359//359 361//361 97//97
f 371//371 389//389 381//381
f 390//390 392//392 391//391
f 403//403 366//366 360//360
f 415//415 385//385 386//386
f 434//434 435//435 432//432
f 447//447 409//409 404//404
f 127//127 145//145 450//450
f 453//453 454//454 445//445
f 162//162 163//163 474//474
f 480//480 259//259 474//474
f 503//503 504//504 510//510
f 489//489 490//490 513//513
f 458//458 512//512 516//516
f 468//468 522//522 524//524
f 500//500 530//530 529//529
f 500//500 540//540 539//539
f 507//507 541//541 540//540
f 546//545 548//547 267//267
f 563//562 549//548 556//555
f 572//571 573//572 574//573
f 321//321 594//593 596//595
f 594//593 593//592 595//594
f 603//602 532//532 568//567
f 608//607 617//616 351//351
f 652//651 653//652 899//894
f 657//656 656//655 650//649
f 656//655 664//663 660//659
f 658//657 662//661 666//665
f 668//667 669//668 672//671
f 671//670 667//666 672//671
f 674//673 677//676 676//675
f 335//335 693//692 695//694
f 697//696 699//698 694//693
f 687//686 349//349 345//345
f 731//730 732//731 737//736
f 739//738 740//739 741//740
f 744//743 745//744 755//754
f 768//767 769//768 771//770
f 770//769 771//770 773//772
f 777//776 778//777 629//628
f 786//785 785//784 787//786
f 791//790 788//787 796//795
f 630//629 803//802 631//630
f 809//808 807//806 806//805
f 810//809 812//811 811//810
f 854//849 856//851 858//853
f 422//422 869//864 789//788
f 799//798 870//865 871//866
f 822//820 821//819 878//873
f 840//835 882//877 883//878
f 861//856 859//854 889//884
f 642//641 866//861 416//416
f 903//898 460//460 448//448
f 429//429 466//466 905//900
f 918//913 917//912 914//909
f 926//921 904//899 900//895
f 927//922 653//652 904//899
f 941//936 524//524 936//931
f 912//907 954//949 953//948
f 908//903 913//908 959//954
f 979//974 971//966 976//971
f 982//977 972//967 980//975
f 925//920 924//919 1002//997
f 1007//1002 1009//1004 1006//1001
f 685//684 571//570 1021//1016
f 689//688 1023//1018 1024//1019
f 1027//1022 1016//1011 1015//1010
f 615//614 1029//1024 1022//1017
f 691//690 1024//1019 1030//1025
f 1041//1036 726//725 725//724
f 1064//1059 747//746 740//739
f 1070//1065 1028//1023 1026//1021
f 1084//1079 768//767 1083//1078
f 1089//1084 1088//1083 1079//1074
f 1110//1103 1112//1105 1111//1104
f 1112//1105 1121//1114 1114//1107
f 332//332 355//355 1137//1130
f 1140//1133 1143//1136 1145//1138
f 1150//1143 1148//1141 1103//1096
f 1162//1155 1160//1153 1159//1152
f 1179//1172 1177//1170 1167//1160
f 1176//1169 1177//1170 1181//1174
f 1184//1177 1187//1180 1191//1184
f 1196//1189 1200//1193 1199//1192
f 1205//1198 1201//1194 1200//1193
f 1228//1221 1227//1220 1225//1218
f 1232//1225 1239//1232 1237//1230
f 1243//1236 1245//1238 1244//1237
f 1247//1240 1249//1242 1250//1243
f 1250//1243 1253//1246 1252//1245
f 1254//1247 1253//1246 1250//1243
f 1271//1264 1270//1263 1267//1260
f 1281//1274 1282//1275 1280//1273
f 1183//1176 1190//1183 1289//1282
f 1194//1187 1198//1191 1294//1287
f 1634//1627 1278//1271 1260//1253
f 1310//1303 1309//1302 1334//1327
f 1337//1330 1333//1326 1335//1328
f 1337//1330 1341//1334 1342//1335
f 1350//1343 1342//1335 1351//1344
f 1354//1347 1347//1340 1356//1349
f 1364//1357 1365//1358 1320//1313
f 1369//1362 1366//1359 1368//1361
f 1372//1365 1370//1363 1374//1367
f 1374//1367 1377//1370 1371//1364
f 1320//1313 1380//1373 1381//1374
f 1384//1377 1385//1378 1386//1379
f 1322//1315 1324//1317 1388//1381
f 1397//1390 1389//1382 1400//1393
f 1402//1395 1405//1398 1409//1402
f 1413//1406 1412//1405 1330//1323
f 1424//1417 1425//1418 1427//1420
f 1100//1093 1438//1431 1096//1089
f 1439//1432 1441//1434 1442//1435
f 1105//1098 1443//1436 1441//1434
f 1114//1107 1121//1114 1448//1441
f 1449//1442 1440//1433 1442//1435
f 1123//1116 1456//1449 1457//1450
f 1461//1454 1465//1458 1464//1457
f 1462//1455 1464//1457 1470//1463
f 1464//1457 1466//1459 1471//1464
f 1482//1475 1477//1470 1469//1462
f 1145//1138 1487//1480 1483//1476
f 1499//1492 1500//1493 1497//1490
f 1471//1464 1469//1462 1472//1465
f 1516//1509 1517//1510 1512//1505
f 1524//1517 1521//1514 1499//1492
f 1526//1519 1501//1494 1522//1515
f 1526//1519 1527//1520 1534//1527
f 1535//1528 1536//1529 1533//1526
f 1546//1539 1551//1544 1552//1545
f 1163//1156 1169//1162 1556//1549
f 1561//1554 1175//1168 1566//1559
f 1567//1560 1548//1541 1549//1542
f 536//536 569//568 1575//1568
f 1571//1564 1518//1511 1513//1506
f 1573//1566 1586//1579 1585//1578
f 1588//1581 1286//1279 1281//1274
f 1595//1588 1575//1568 569//568
f 1619//1612 1622//1615 1621//1614
f 1621//1614 1624//1617 1623//1616
f 1625//1618 1626//1619 1622//1615
f 1630//1623 1629//1622 1622//1615
f 1603//1596 1646//1639 1635//1628
f 1650//1643 1613//1606 1614//1607
f 1653//1646 1626//1619 1625//1618
f 1672//1665 1673//1666 1671//1664
f 1689//1682 1693//1686 1698//1691
f 1706//1699 1678//1671 1705//1698
f 1678//1671 1706//1699 1716//1709
f 1704//1697 1703//1696 1713//1706
f 1721//1714 1686//1679 1678//1671
f 1722//1715 1723//1716 1721//1714
f 1734//1727 1739//1732 1738//1731
f 1743//1736 727//726 717//716
f 1743//1736 1745//1737 1749//1741
f 1749//1741 1747//1739 1756//1748
f 1757//1749 1756//1748 1759//1751
f 1777//1769 1775//1767 749//748
f 767//766 766//765 1790//1782
f 1793//1785 1794//1786 1792//1784
f 1814//1806 1815//1807 1817//1809
f 1816//1808 1817//1809 1173//1166
f 1840//1830 1841//1831 1845//1835
f 1849//1839 1850//1840 2053//2042
f 1843//1833 1853//1843 1852//1842
f 1845//1835 1856//1846 1857//1847
f 1859//1849 1860//1850 1861//1851
f 1853//1843 1857//1847 1862//1852
f 1736//1729 1865//1855 1868//1858
f 1868//1858 1869//1859 1742//1735
f 1885//1875 1887//1877 1883//1873
f 1775//1767 1779//1771 1892//1882
f 1068//1063 1887//1877 1890//1880
f 1779//1771 1780//1772 1893//1883
f 1904//1894 1905//1895 1081//1076
f 1795//1787 1915//1905 1916//1906
f 1919//1909 1869//1859 1870//1860
f 1922//1912 1870//1860 1489//1482
f 1930//1920 1926//1916 1909//1899
f 1933//1923 1934//1924 1825//1817
f 1622//1615 1629//1622 1936//1925
f 1940//1929 1943//1932 1942//1931
f 1947//1936 1940//1929 1631//1624
f 1950//1939 1952//1941 1953//1942
f 1826//1818 1960//1949 1827//1819
f 1971//1960 1970//1959 1966//1955
f 1975//1964 1977//1966 1971//1960
f 1993//1982 1995//1984 1994//1983
f 1996//1985 1995//1984 1993//1982
f 2007//1996 2006//1995 1996//1985
f 2013//2002 2012//2001 2010//1999
f 2014//2003 2015//2004 2017//2006
f 2016//2005 2019//2008 2018//2007
f 1946//1935 1632//1625 1655//1648
f 2035//2024 2000//1989 1999//1988
f 2068//2057 2067//2056 2061//2050
f 2069//2058 2064//2053 2070//2059
f 2074//2063 2057//2046 2052//2041
f 2075//2064 1850//1840 2057//2046
f 1661//1654 2058//2047 2077//2066
f 1725//1718 2082//2071 2083//2072
f 2084//2073 2080//2069 2081//2070
f 2089//2078 2085//2074 2091//2080
f 2060//2049 2064//2053 2102//2090
f 2064//2053 2065//2054 2105//2093
f 2110//2098 2105//2093 2119//2107
f 2126//2114 2124//2112 2125//2113
f 2131//2119 2127//2115 2133//2121
f 2133//2121 2128//2116 2129//2117
f 2067//2056 2138//2126 2142//2130
f 2071//2060 2073//2062 2146//2134
f 2159//2147 2155//2143 2158//2146
l 544 545
